"pid","assessed_value"
1,760892.237371429
2,85602.5423095238
3,55357.1356333333
4,143271.320706777
5,298625.2323
6,242501.76604632
7,84280.597710989
8,199214.683037873
9,114330.5507
10,334836.945757143
11,220739.944419048
12,556856.49452381
13,325255.0128
14,668000.1164
15,110594.004966667
16,305903.178466667
17,59198.2372888889
18,210811.081176191
19,130981.2429
20,154569.657733333
21,194714.444084848
22,116182.11714768
23,92078.8781333334
24,56968.120115873
25,81007.9638564102
26,442461.591833333
27,88790.434491342
28,481855.850433333
29,314801.826087179
30,263226.175533333
31,587162.886233333
32,43520.7350056499
33,717943.81212381
34,162039.6392
35,382782.001333333
36,244537.9002
37,152591.582184002
38,383105.0237
39,649776.337528571
40,253011.340236364
41,297136.582666667
42,206238.947804762
43,136757.825933333
44,305081.308495238
45,250474.105961905
46,206116.521966667
47,291252.180384127
48,363219.8159
49,137072.705633333
50,219640.172923623
51,259684.9918
52,102047.556633333
53,110360.769333333
54,557448.587842857
55,336285.619316667
56,71157.7905666667
57,169655.309266667
58,161098.778952381
59,180266.662686147
60,134540.593786869
61,274956.240333333
62,219514.866466667
63,77040.7507333333
64,517864.027
65,348269.201
66,154973.908152381
67,184535.736588889
68,253952.346214286
69,480417.723596826
70,78254.9050619047
71,589493.475171428
72,394146.4161
73,693657.6755
74,291112.4556
75,112487.795972727
76,145596.315268254
77,237851.534066667
78,513868.9765
79,198707.993434632
80,299656.731638095
81,144101.137921396
82,798226.251261905
83,468260.649776191
84,108573.141442857
85,610789.634433333
86,109148.076766667
87,60611.4407253968
88,238935.386071429
89,255052.216366667
90,280457.3974
91,64046.327230303
92,452113.433733333
93,1249008.2248718
94,110789.20191746
95,96993.4333222223
96,79669.6488305916
97,183568.1031
98,249307.781566667
99,124803.521283459
100,233604.605752381
101,296373.306995238
102,706101.887837255
103,302910.823663636
104,265177.663985714
105,172629.030713333
106,302508.727541991
107,63709.3901428571
108,156740.44368366
109,1041693.90844286
110,293828.126927536
111,112324.567931746
112,169346.324830303
113,362736.911197436
114,323754.231530303
115,377260.701090476
116,299094.0177
117,210330.9569
118,210424.23469697
119,262285.081119048
120,486849.059399567
121,808197.932433333
122,100336.017957143
123,349001.835519048
124,331508.156566667
125,187748.728022222
126,516396.755965079
127,46046.6881
128,381053.01552381
129,575917.519914286
130,321316.691004762
131,329346.7276
132,426178.757490476
133,128845.472990476
134,593136.7861
135,202190.266033333
136,662768.625433333
137,270318.1253
138,280343.035366667
139,289524.467080952
140,134333.705709142
141,334862.4657
142,193119.35162381
143,173213.453428571
144,207090.93134591
145,63559.8176571429
146,588853.523163004
147,528014.604510878
148,114890.822761905
149,92888.1326095238
150,751020.0394
151,319885.585087302
152,201480.033895238
153,210312.458125541
154,182448.860780952
155,783329.550571429
156,374849.390590476
157,355850.788104396
158,37910.7559435898
159,246705.12899881
160,147095.310671429
161,376443.664366667
162,168961.073087302
163,152330.017288889
164,849278.842633333
165,597785.067833333
166,444011.215461905
167,1217102.45403333
168,47689.4123749175
169,308118.737066667
170,574473.774666667
171,301178.242355556
172,232706.712333333
173,203378.974474603
174,271956.764933333
175,80385.1050940116
176,529894.804266667
177,92531.5537428572
178,282596.6899
179,112182.075685714
180,126321.430533333
181,83482.3279111111
182,212972.489266667
183,229053.144940873
184,107819.461138095
185,149271.86293088
186,210208.747412121
187,119641.038757937
188,194154.853533333
189,323902.407487879
190,338346.8186
191,46410.2281523809
192,203264.860609158
193,34546.3154968254
194,284884.100469841
195,294562.747490476
196,62174.1192333333
197,158678.136914286
198,332740.695366667
199,189098.555757143
200,272564.358828571
201,161308.67035
202,412524.911342336
203,414823.138066667
204,86683.0694190476
205,125909.344374603
206,74361.4275923077
207,558199.332633333
208,117406.2059
209,213176.884494381
210,394293.549514286
211,123595.360539827
212,262589.5157
213,276449.251142857
214,279193.563266667
215,70184.6651294118
216,170063.42407851
217,157393.301346032
218,245783.761009524
219,1005803.84956667
220,207589.173810256
221,253186.483033333
222,294560.309
223,1607409.71753333
224,431254.4785
225,288596.849536508
226,316035.709198413
227,186706.221033333
228,228415.461066667
229,424757.9798
230,194946.089455556
231,261306.916561905
232,84720.2625111111
233,255496.869238095
234,178635.5434
235,687801.045433334
236,685764.552084615
237,348367.263933333
238,778088.430509524
239,99474.8759507937
240,978454.553647619
241,307835.619655556
242,1340413.1012
243,137781.423352092
244,111172.378766667
245,403335.513222222
246,376350.239542857
247,137524.784580952
248,102890.030896296
249,99725.119
250,218098.127810409
251,178811.713633333
252,101563.384355826
253,318799.5412
254,259255.501314286
255,83831.1770333334
256,241637.125953968
257,277321.215461539
258,322501.665357143
259,234523.24755873
260,150345.123866667
261,559538.023333333
262,95801.5417714286
263,346852.126784849
264,453329.959366667
265,293146.2891
266,252131.237655556
267,403453.869190476
268,247107.483587302
269,133865.062634921
270,331181.658692552
271,103463.016719048
272,83569.0773595238
273,139563.7844
274,105534.587042857
275,236142.318544444
276,445762.352838095
277,90332.231552381
278,94782.554851948
279,329083.2746
280,569092.840590476
281,562886.543466667
282,220548.393438095
283,538765.691555556
284,270467.81271746
285,129300.9454
286,271509.044922222
287,64994.8105055556
288,1093971.9787
289,764336.815714285
290,654335.025966666
291,178004.361328571
292,295552.975955611
293,1310476.18779048
294,329158.840218182
295,166453.007238095
296,66297.8491374478
297,292152.452390476
298,60278.9067862069
299,87495.9882047619
300,182481.778730014
301,98060.3397714285
302,235115.681196581
303,726679.822061905
304,379903.690474186
305,271949.762311111
306,377321.5148
307,568265.28945
308,155515.792971429
309,293605.113895238
310,242306.971877778
311,584613.885292308
312,840496.907809524
313,59297.3794777778
314,124104.597158259
315,364016.8088
316,269518.383766667
317,391637.623666667
318,103971.427327273
319,610995.848533333
320,349248.711989899
321,331192.094769841
322,252299.763828571
323,233710.440485714
324,129200.204309524
325,95402.8689
326,681493.4352
327,61877.4910333333
328,267932.688642857
329,141762.027755556
330,230843.710466667
331,98393.3680714285
332,42457.1292
333,90941.7294650793
334,265146.299538095
335,278456.713033333
336,186203.341833333
337,210753.878069997
338,548906.835733333
339,164985.962490909
340,312491.846453968
341,615266.3316
342,415040.96755065
343,190653.042303663
344,121212.316777778
345,113740.906488889
346,140508.573
347,424768.073595238
348,93965.6026353034
349,512181.0198
350,405483.1763
351,543797.350699567
352,243533.645111111
353,172050.73827619
354,208299.470733333
355,37213.660060606
356,154449.513681563
357,169233.749818204
358,257189.269453623
359,118179.972276923
360,257088.552266667
361,302612.277066667
362,75696.0328626482
363,168129.582585057
364,260550.782473684
365,72079.6676142857
366,498427.603709524
367,413304.859533333
368,190404.772366667
369,352662.152033333
370,363705.029366667
371,71955.1644811422
372,234666.3632
373,125584.472133333
374,795684.164152381
375,165532.860766667
376,376160.184405628
377,163621.622633333
378,258487.958233333
379,278974.642940351
380,263373.544138095
381,98952.7017666667
382,310656.6651
383,1792323.3601
384,117076.928757143
385,238356.461309524
386,71225.3319333333
387,212124.148723809
388,368930.9503
389,557950.010466667
390,187907.839523521
391,290408.763309957
392,234939.410547619
393,202881.602028571
394,1614518.03423333
395,332011.449933333
396,319379.179520635
397,297121.493050649
398,59496.0056939394
399,409143.417195238
400,124520.722
401,287206.7519
402,260347.3167
403,313095.895609091
404,312829.210552381
405,240181.0655
406,92946.1475523809
407,282101.352833333
408,267034.794233333
409,238666.238617316
410,312532.892168398
411,240539.169766667
412,616758.305666667
413,186213.466233333
414,157849.306657143
415,287901.925352381
416,308920.0252
417,713331.083823809
418,341610.947233333
419,217583.841686905
420,219743.2725
421,367870.3303
422,324516.075687552
423,61707.3293857143
424,261376.480780952
425,367728.721133333
426,175823.337766667
427,446764.805109524
428,200515.4931
429,262656.774333333
430,286426.760733333
431,574239.746680952
432,251604.767656277
433,466290.2997
434,120687.239390476
435,498747.6842
436,130039.59152381
437,245768.919563095
438,160158.591733333
439,1473668.95074978
440,140103.7158
441,326681.3146
442,131604.821833333
443,397347.406412121
444,274791.130182342
445,534194.262990476
446,670496.072164286
447,405033.3133
448,216819.650704762
449,269206.800904762
450,296522.502350916
451,443932.306733333
452,940469.627514286
453,179726.3913
454,84434.2338349206
455,221900.016857143
456,321760.300366667
457,278888.593866667
458,1970353.76386667
459,211359.761687879
460,1351356.41363333
461,397293.139533333
462,346126.607333333
463,139487.728934921
464,318139.255352381
465,141369.836511111
466,168311.956878788
467,610812.747966667
468,203673.62152619
469,325292.20884359
470,208301.270504762
471,279349.362821212
472,238431.932387879
473,389751.326247619
474,296872.926921569
475,137716.607777778
476,112838.992342857
477,280094.16157619
478,378373.587569841
479,139074.477033333
480,234558.304442857
481,161631.344877778
482,201694.213244445
483,144276.978190476
484,147450.986271429
485,96747.8661675214
486,68457.6665
487,571506.350633333
488,767698.369633333
489,194787.379728571
490,586242.18740974
491,159558.538706349
492,174405.477142857
493,1021487.1135
494,609358.8793
495,905883.304233333
496,151311.66315292
497,184990.499393651
498,372643.2545
499,150676.931366667
500,296299.142
501,921888.956377778
502,445017.112171428
503,881910.894666667
504,300166.242780952
505,285679.4578
506,1037064.90016667
507,116161.921525517
508,364242.227266667
509,290223.266
510,909262.335985714
511,809126.3898
512,106971.478590476
513,258081.740533333
514,385222.068933333
515,439665.317619048
516,677954.4566
517,248150.679042857
518,137367.333171429
519,199014.962865151
520,134877.887828205
521,719165.3457
522,185228.958266667
523,89592.1574333333
524,88723.6215
525,125681.225088889
526,440279.140033333
527,336151.232866667
528,169746.575988889
529,184183.911533333
530,450321.284517949
531,296105.578052991
532,74120.6039
533,332263.392266667
534,114620.264233333
535,319946.400695238
536,78133.2988046784
537,309877.6805
538,341201.794633333
539,279914.506433333
540,87527.9914687316
541,282557.1665
542,216582.7823
543,647412.237566667
544,306902.523
545,204578.6699
546,487197.646957576
547,307227.622128571
548,634003.556
549,131104.403233333
550,164289.959352525
551,186354.159328571
552,277263.8916
553,225976.57677619
554,215630.187132057
555,96381.3322666666
556,1428207.3656
557,82188.8981476191
558,342388.36600293
559,443554.079334921
560,736234.268185714
561,139931.182746032
562,553070.390333333
563,200771.452633333
564,150844.000123809
565,425718.805323809
566,808007.810966667
567,172724.391511111
568,167344.1183
569,639877.572795238
570,367054.922566667
571,294532.639086957
572,398392.482133333
573,86456.8844238096
574,141631.574549573
575,1277789.46703333
576,371156.961107937
577,1103858.7094
578,118575.921366667
579,337608.673133333
580,109294.758888638
581,440090.953333334
582,54184.6095263772
583,242155.722101754
584,188416.160566667
585,346138.5371
586,197704.550812088
587,204990.492694203
588,501011.788
589,298230.0082
590,221208.492985714
591,101799.068294372
592,408557.997533333
593,365469.597903175
594,111178.827266667
595,208263.0641
596,391206.088459524
597,213345.893177193
598,231421.183147619
599,169887.149577778
600,235833.566126984
601,463747.501433333
602,717240.4184
603,398343.918204762
604,239414.0814
605,278463.319221212
606,294386.495177778
607,41891.7155589743
608,322555.9035
609,82989.9242333334
610,292274.267892308
611,934622.387533333
612,727735.541452381
613,244238.037742857
614,163126.751167208
615,219700.1516
616,579849.252466667
617,127991.053601307
618,303304.244595238
619,402065.966533333
620,256362.967954945
621,345387.388411111
622,222353.701752381
623,196759.152372294
624,114196.376228571
625,164866.770109524
626,199878.592207937
627,652459.2648
628,43164.6927726884
629,320577.276885714
630,92558.0372809524
631,504510.234166667
632,69878.685989011
633,125215.353961905
634,1085151.47650952
635,242696.831288889
636,492920.786185714
637,177870.501984848
638,64224.8239738928
639,173361.73212381
640,548920.695333333
641,226698.335933333
642,337824.451425397
643,384472.0895
644,315360.8785
645,639010.758912121
646,345362.424433333
647,282179.557344444
648,380690.922090476
649,284501.775818182
650,172592.184422222
651,153362.65927619
652,371403.240233333
653,211048.508266667
654,228789.294184127
655,483538.256283333
656,1170447.37516667
657,277726.052890476
658,139590.147909524
659,105349.897742929
660,199913.181419048
661,188661.002829293
662,255701.574080611
663,317411.390723832
664,211493.5869
665,232105.993533333
666,292139.616211905
667,716442.235895238
668,53370.2339599512
669,779422.723233333
670,268582.62302924
671,428607.3567
672,426058.144893506
673,424969.988133333
674,333522.829633333
675,93394.4224872905
676,506457.293166667
677,265565.1193
678,134700.496142857
679,192172.398903175
680,533325.9793
681,316197.3805
682,629399.4303
683,143334.324533333
684,337976.488466667
685,274281.635766667
686,300119.755185714
687,251425.777647619
688,201913.523272222
689,303209.612380112
690,329977.145131746
691,141423.685833333
692,57462.9508224387
693,114164.050945421
694,222461.650055556
695,205811.7014
696,264215.948261905
697,212874.355888889
698,215344.748919048
699,178238.665373027
700,187341.0471
701,142568.2437
702,723499.5132
703,277820.132166667
704,346112.156933333
705,87368.8286952381
706,553934.590833333
707,593535.860933334
708,210953.539342857
709,44926.6879333333
710,239751.860688889
711,315157.143266667
712,656679.9602
713,265884.411771429
714,108979.675333333
715,119190.982189499
716,522445.0236
717,294440.922266667
718,421564.422144445
719,255018.4579
720,96459.7554666667
721,280224.128457143
722,333734.330933333
723,1179933.7682
724,53351.6776476191
725,137400.932733333
726,284532.496357143
727,182008.256492064
728,47685.9272666667
729,406587.015433333
730,138737.465691053
731,301488.879585714
732,1176693.0088
733,100967.107642857
734,394516.849290476
735,175692.323818391
736,178618.185595238
737,62467.6920476191
738,305671.454809524
739,133517.051202164
740,225019.775133333
741,89590.9392948052
742,228674.7231
743,467485.922504762
744,2040140.95156667
745,733339.778795238
746,395332.062569697
747,244768.103530202
748,40794.4890833333
749,309825.94485
750,143202.335765079
751,479953.9459
752,63901.4682279221
753,344285.096515686
754,468664.700085714
755,126475.438140476
756,489007.124138095
757,133815.725528205
758,281906.3811
759,50054.6653666667
760,911864.964933334
761,153842.390195238
762,259513.296733333
763,389590.5011
764,723778.989866667
765,260368.795580952
766,192673.190466667
767,187759.871229304
768,171445.371105964
769,432068.746133333
770,360332.450576191
771,232593.784055556
772,40086.2934122807
773,410002.12382684
774,386271.8416
775,525026.997566667
776,1267383.1671
777,866703.300583333
778,272302.294166667
779,80774.220261039
780,526002.267352381
781,275827.135866667
782,207380.796837851
783,283118.837433333
784,164051.082226984
785,68468.4889837829
786,148757.107761905
787,351280.858742857
788,345982.480466667
789,140713.034342857
790,1328758.45003333
791,210945.419566667
792,467520.9965
793,73048.3855868687
794,454283.158190476
795,2103557.0955
796,446601.986166667
797,165634.329028571
798,384646.3092
799,273321.7442
800,445756.793455556
801,179238.188708425
802,261088.175866667
803,183151.2517
804,346283.755866667
805,71490.0205148148
806,252710.192478754
807,274382.073519048
808,474468.8448
809,461502.275605628
810,86912.1554380952
811,619823.554433333
812,210856.497416667
813,307498.236528571
814,529708.286836364
815,196977.8364
816,354721.081528571
817,284348.782987879
818,169154.616697802
819,182506.6098
820,604538.9705
821,85224.9670333334
822,214399.03605873
823,336896.515093939
824,144390.272923243
825,228845.102508333
826,144626.334555556
827,370813.39
828,215039.542175851
829,419154.261824242
830,316919.931033333
831,199189.415604762
832,519573.713526144
833,139820.148677778
834,718180.280633333
835,246272.470352381
836,188412.772949062
837,846960.257057142
838,253823.249390476
839,153921.329609524
840,532929.195333333
841,370919.350780952
842,185535.471060614
843,68006.6956253968
844,216839.9917
845,159644.807074074
846,207149.940333333
847,351858.979533333
848,499131.414457143
849,132731.90482619
850,311352.4814
851,527391.898966667
852,204943.369433333
853,235747.1795
854,63314.8277260126
855,233457.316127451
856,530170.594
857,161897.434897619
858,57178.4006190476
859,231316.950066666
860,61076.1524
861,165337.265553968
862,299197.37202381
863,213887.457706349
864,311681.174233333
865,497374.547947619
866,294547.7417
867,75255.3131428571
868,330035.934864835
869,244880.940161905
870,206063.2438
871,270748.063057143
872,263157.062414286
873,270372.562066667
874,121217.229299267
875,618733.400866667
876,290556.3
877,359938.981533333
878,1268978.47213333
879,324848.410933333
880,166771.375731136
881,306496.366711111
882,172229.834429914
883,80390.1182333334
884,413623.1013
885,251377.915666667
886,38333.0718284381
887,52272.0196036036
888,235247.476271429
889,102840.710948352
890,180351.454147619
891,1565032.26766667
892,954713.288733333
893,392474.4972
894,284749.358666667
895,69591.1952476191
896,120259.171833333
897,195201.131133333
898,95727.6961111111
899,225768.271980131
900,226552.410419048
901,694903.7583
902,148916.691714286
903,81537.1971708438
904,835470.8356
905,116501.706867219
906,727564.743290476
907,260854.834066667
908,205307.676466667
909,326391.622287546
910,104671.189352381
911,975936.7712
912,176732.297252381
913,365675.312233333
914,86502.5265415842
915,112066.088392857
916,342551.446328571
917,337681.679619048
918,195811.6093
919,1838901.34265151
920,219498.972114286
921,178513.858833333
922,330554.5885
923,144210.635540693
924,253187.164339827
925,597134.729976191
926,439492.9318
927,89847.8332144682
928,195917.056439683
929,844417.9296
930,80777.0625945055
931,404311.734966666
932,55527.5905555556
933,115079.622662413
934,234780.930604762
935,162649.536366667
936,522298.753166667
937,284267.7594
938,50655.1368888889
939,160032.507565714
940,180961.569863492
941,199204.767480843
942,300819.686438095
943,85151.5753811391
944,43091.8442590909
945,126862.738233333
946,304095.166361905
947,188853.18502381
948,51369.7974096476
949,364139.036461905
950,299602.4866
951,348161.268042857
952,1155932.39573333
953,304686.397395238
954,915747.643566667
955,486242.195671429
956,289588.136757143
957,198355.892033333
958,545793.979245022
959,189315.68614228
960,74808.7377333333
961,107740.438809524
962,611183.056133333
963,217911.047966667
964,258455.616964469
965,145851.0021
966,414903.470233333
967,217006.174495238
968,209717.268809524
969,126338.167096526
970,581610.397066667
971,159922.1385
972,372808.983066667
973,218573.919033333
974,117226.823794139
975,1691697.98336667
976,104267.754066667
977,185444.4006
978,675897.1155
979,392316.879619048
980,183777.718766667
981,184825.751624675
982,73187.3166138888
983,189962.751047619
984,222649.347287446
985,74137.1470428571
986,209937.633528571
987,1754278.4687
988,98958.834934127
989,296890.808
990,55156.5852848739
991,699761.314766667
992,519350.791801832
993,385796.281466667
994,146107.0107
995,38686.325715873
996,310283.700866667
997,215697.009022222
998,92769.3754571429
999,189679.289445022
1000,302627.7215
1001,334935.993461539
1002,119869.3985
1003,149981.497933333
1004,307702.893
1005,545920.264866667
1006,293279.771455844
1007,528488.073215152
1008,641544.496384127
1009,222724.878404762
1010,80754.6669333333
1011,1417952.93623333
1012,290597.270457143
1013,437887.588666667
1014,119385.444166667
1015,463825.181333333
1016,491796.984
1017,240761.528076191
1018,80910.9781946887
1019,248195.637690476
1020,165747.29
1021,227971.439144444
1022,431524.674433333
1023,254402.683745455
1024,229947.365050794
1025,128168.699414286
1026,144044.507416667
1027,499661.582566667
1028,231005.046433333
1029,90685.4769826087
1030,121406.789155556
1031,408039.752233333
1032,207310.600473016
1033,119347.916272944
1034,143716.993133333
1035,211825.641668398
1036,300870.945566667
1037,88244.650561039
1038,454724.8265
1039,41615.7788047619
1040,337710.900733333
1041,279787.385966667
1042,126805.14727619
1043,79980.9306487455
1044,460304.183642735
1045,92823.3311428572
1046,293586.547073593
1047,331159.3538
1048,244736.126842857
1049,433670.8824
1050,230349.556933333
1051,67199.7721398268
1052,377422.5783
1053,161476.635428571
1054,885821.6898
1055,458794.2927
1056,43002.3213974359
1057,286163.459580952
1058,705743.994933333
1059,556972.8938
1060,349373.863133333
1061,425959.7344
1062,348351.610738889
1063,173175.6424
1064,793900.292866666
1065,112300.698509524
1066,1253274.0224
1067,588530.317561905
1068,612949.177252381
1069,67466.09085
1070,291550.469833333
1071,979510.847133334
1072,339844.267557143
1073,301273.781336364
1074,187304.358571429
1075,356333.1936
1076,425803.350157143
1077,580281.114466666
1078,643103.535733333
1079,97459.8549061784
1080,107576.023680952
1081,286440.225288889
1082,433624.473495238
1083,299721.984466667
1084,268463.584166667
1085,302331.134079365
1086,257420.105433333
1087,246022.720111111
1088,75377.8373559524
1089,120837.261685869
1090,282212.2588
1091,247446.860418398
1092,351200.2444
1093,676527.165666667
1094,289759.177593073
1095,423433.548619506
1096,650005.597833333
1097,203760.0416
1098,186180.438198413
1099,556950.561466667
1100,287946.667466667
1101,416857.505033333
1102,343217.657766667
1103,1518910.09806667
1104,740141.404
1105,491769.824333333
1106,324847.361257143
1107,266678.6157
1108,162267.504288889
1109,166683.403628571
1110,160561.8557
1111,195187.782
1112,130045.50296087
1113,280191.851504762
1114,304881.402466667
1115,718713.300366667
1116,594728.181246032
1117,45454.0344333333
1118,120923.938704762
1119,475444.191433333
1120,216787.034987879
1121,240553.587738095
1122,410145.37052381
1123,359827.4638
1124,283596.2085
1125,261821.938422222
1126,246976.8712
1127,219631.045
1128,185947.387547619
1129,855403.212666666
1130,86127.2742
1131,116763.2831
1132,266850.668442857
1133,363869.672428571
1134,344651.745680775
1135,318228.4019
1136,226119.770295238
1137,101203.110677778
1138,1025629.82056667
1139,469400.793205983
1140,32490.3430926074
1141,420979.162536508
1142,115280.680842291
1143,1214549.54223333
1144,247436.994766667
1145,167551.567633333
1146,85973.0620095238
1147,95662.9162642857
1148,304198.1097
1149,242561.160585714
1150,61687.0879
1151,180394.473039394
1152,677995.212933333
1153,244706.3734
1154,44914.1748092463
1155,265494.926033333
1156,481909.619033045
1157,104416.684962084
1158,570907.029544445
1159,194857.247609524
1160,51207.2936333333
1161,104344.133877778
1162,116222.3444
1163,383017.632219048
1164,337787.582885714
1165,106752.613714286
1166,160769.201733333
1167,325760.2479
1168,431111.705566667
1169,188292.600307937
1170,282618.471317949
1171,259606.683733333
1172,121355.944785714
1173,244969.906566667
1174,728831.882093506
1175,257066.396561905
1176,127996.592460472
1177,264800.26498718
1178,241115.349034576
1179,237110.5037
1180,47804.4670269841
1181,179042.709573809
1182,436956.847588889
1183,38026.8219953118
1184,237775.946557143
1185,458562.977966667
1186,915699.008566667
1187,981633.751666667
1188,220466.986366667
1189,296126.23854969
1190,230211.483333766
1191,272498.8042
1192,153090.837177778
1193,405894.503233333
1194,120917.0331
1195,68610.7626095238
1196,266686.808144444
1197,124418.447366667
1198,723089.549566667
1199,228382.31982381
1200,266423.842587879
1201,218057.067780952
1202,125427.393878788
1203,36722.7404
1204,38496.644817954
1205,180372.291822222
1206,285077.5302
1207,240863.957455556
1208,131849.652523809
1209,214980.336933333
1210,348409.5298
1211,95336.921006536
1212,271522.773842857
1213,365613.373645238
1214,125284.971712465
1215,152290.064533333
1216,257506.811666667
1217,362393.748903175
1218,1190807.71086667
1219,168752.896729958
1220,140185.475489947
1221,383886.226733333
1222,143926.711033333
1223,246229.689357143
1224,110794.546084282
1225,237842.005728571
1226,534347.206033333
1227,218416.676009524
1228,495593.964123809
1229,281550.6117
1230,855381.517533333
1231,271124.651733333
1232,126236.061033333
1233,103967.321450794
1234,189446.626056643
1235,104050.951566667
1236,282659.419023809
1237,139918.332766667
1238,809519.256933333
1239,739469.4246
1240,125736.475136147
1241,239722.66461634
1242,181654.017666667
1243,498057.868366667
1244,476850.799166667
1245,75709.7437333334
1246,304541.190695238
1247,128549.688226984
1248,234178.735652991
1249,138630.714118519
1250,506729.884033333
1251,137553.570695238
1252,710700.075233333
1253,418075.5926
1254,100353.969114286
1255,959816.790033333
1256,243037.436471429
1257,63316.3439435898
1258,274186.1173
1259,396865.953419914
1260,165212.5025
1261,309820.217451465
1262,453636.9539
1263,1349834.60366667
1264,146535.929128571
1265,460293.811571428
1266,70141.7284888889
1267,114421.467449206
1268,66733.8667862069
1269,747604.261266667
1270,179801.555966667
1271,227246.897666667
1272,127782.035333333
1273,370810.856223077
1274,217598.923966667
1275,315002.809333333
1276,380992.864509524
1277,332495.820166667
1278,210216.465966667
1279,296360.326251515
1280,204658.201766667
1281,136418.091568265
1282,738835.758066666
1283,351951.683937951
1284,428336.381543365
1285,353818.37199697
1286,826091.290871428
1287,420883.525352781
1288,78498.2303714286
1289,275457.0464
1290,163287.6389662
1291,208568.80268226
1292,235073.176485714
1293,70816.2976666667
1294,235455.142466667
1295,217086.266397063
1296,143979.099941825
1297,294139.697307143
1298,362270.978880952
1299,1076970.0371
1300,522055.744
1301,69013.9954166666
1302,138386.093154978
1303,319908.9394
1304,306603.925533333
1305,200732.94
1306,162683.4949
1307,195678.335128655
1308,232338.561874359
1309,337320.168133333
1310,378009.659873935
1311,52006.3546769231
1312,637281.6118
1313,295407.011804762
1314,664985.994366667
1315,252129.013133333
1316,273670.562879365
1317,255022.002655556
1318,216069.003214286
1319,477262.679057576
1320,132666.321396176
1321,287732.820666667
1322,338877.350833333
1323,272337.088882684
1324,635188.065480952
1325,267785.015933333
1326,196637.620666667
1327,233093.248018182
1328,544099.748019048
1329,82496.6379126984
1330,1065666.8298
1331,589462.29
1332,291193.374743434
1333,305487.715217582
1334,275107.314566667
1335,58726.4821904762
1336,319620.206833333
1337,222762.97415
1338,303078.683885714
1339,66542.8109833334
1340,206238.947804762
1341,1351818.45473333
1342,399358.6332
1343,627110.415944444
1344,443484.1942
1345,138190.8884
1346,112599.7631
1347,161980.8999
1348,1358279.76433333
1349,545300.8254
1350,139349.096544444
1351,195171.490866667
1352,191164.549690476
1353,1106637.83856667
1354,342445.142428572
1355,206349.774295671
1356,349294.258697369
1357,151831.489204762
1358,319025.855721612
1359,130391.539127273
1360,326683.748333333
1361,219771.628133333
1362,395790.973533333
1363,78306.099463925
1364,134494.977169231
1365,292604.671
1366,250569.744433333
1367,334831.501566667
1368,601866.6831
1369,170828.461405983
1370,379806.363433333
1371,196507.286388889
1372,351523.892738095
1373,315259.121733333
1374,127401.780623626
1375,457410.247109524
1376,256700.204022222
1377,297809.4009
1378,154705.1325
1379,134039.204466667
1380,161932.081153463
1381,853940.493677777
1382,336121.148709524
1383,562325.410304762
1384,215864.347992064
1385,383031.804766667
1386,270587.587733333
1387,280306.262357143
1388,81786.4414142857
1389,693034.637566666
1390,666625.3202
1391,1094072.50233333
1392,283216.883766667
1393,69237.2051438596
1394,129322.299266234
1395,526468.997733333
1396,112613.363333333
1397,324870.7916
1398,129706.038452381
1399,316401.480026984
1400,109926.491266667
1401,337804.730022222
1402,299678.661266667
1403,82286.1931
1404,144726.314047619
1405,107234.129255556
1406,199586.618766667
1407,316076.454007659
1408,616876.759619048
1409,952314.507083333
1410,438646.3563
1411,1082560.93466667
1412,671797.356733333
1413,394729.553928571
1414,123046.450055556
1415,191898.849164662
1416,327291.506519048
1417,662872.6449
1418,237030.002538961
1419,321327.656419192
1420,68872.5022857142
1421,181815.656833333
1422,129475.855288889
1423,112403.717033333
1424,330916.726033333
1425,185346.225927627
1426,292192.634933333
1427,453554.501633333
1428,371307.007322222
1429,129884.175961905
1430,338834.564317949
1431,283627.274179254
1432,108567.614366667
1433,344238.561733333
1434,1116592.65686667
1435,177960.533019048
1436,219607.199533333
1437,141006.990071429
1438,413472.335533333
1439,505333.997333333
1440,153141.815366667
1441,668629.668833333
1442,407705.6634
1443,209944.926147619
1444,228583.60723268
1445,413379.720347619
1446,165848.229062963
1447,66356.5852452381
1448,455310.090783333
1449,176509.2137
1450,320277.697382353
1451,429949.909366667
1452,294926.762488889
1453,211063.296266667
1454,108279.653120635
1455,234457.382764069
1456,180752.376738095
1457,280905.778373684
1458,93287.9220619048
1459,298271.228828571
1460,314408.4091
1461,703008.944411111
1462,269492.068
1463,701264.9771
1464,521753.1233
1465,284468.330619048
1466,167378.190047619
1467,164483.994233333
1468,301530.569766667
1469,296994.811749206
1470,202660.919485714
1471,1905836.68146667
1472,180948.635407359
1473,234791.777360673
1474,522327.728466667
1475,264177.670766667
1476,174169.340937229
1477,120488.0308
1478,1703713.1941
1479,480470.214519048
1480,92405.9730666666
1481,76575.0900242424
1482,98437.48898
1483,313779.61802906
1484,87522.7164857143
1485,308201.838257143
1486,223978.745834921
1487,417473.606122222
1488,67564.0724
1489,284857.764166667
1490,105288.633009524
1491,61480.8514333333
1492,461695.0459
1493,42518.7224515873
1494,293122.372811111
1495,303606.924290476
1496,73851.2957333333
1497,161019.232331089
1498,173700.549595238
1499,112101.852575092
1500,298467.450157143
1501,278660.216914286
1502,269352.522911111
1503,157034.8442
1504,104517.998722849
1505,212287.759966667
1506,198257.548237485
1507,213397.879110714
1508,157086.203791109
1509,116165.039444444
1510,68262.1105888889
1511,356173.325942857
1512,73499.8382333333
1513,218099.485322222
1514,136916.329271428
1515,346361.505485528
1516,109208.108292076
1517,151119.930066667
1518,549377.269966667
1519,633433.0857
1520,127449.726311111
1521,344630.0652
1522,1728081.18968485
1523,432857.504919048
1524,296056.7134
1525,253577.13999697
1526,112033.902990476
1527,342807.333995238
1528,194305.176052381
1529,91775.1449
1530,487787.002
1531,321616.426018182
1532,308871.921636364
1533,179567.953815448
1534,166517.516347619
1535,279060.140561905
1536,285957.9868
1537,210214.967595238
1538,446536.867233333
1539,158479.510590476
1540,151657.157395238
1541,460089.5313
1542,114631.201185714
1543,227146.774933333
1544,520019.168004762
1545,78484.6121555556
1546,617510.801566667
1547,185654.424622222
1548,297618.2522
1549,114795.683733333
1550,220164.042050201
1551,200276.894063348
1552,516020.452516667
1553,146212.859016038
1554,150575.869769231
1555,91272.6074333333
1556,102150.395366667
1557,483730.456066667
1558,60264.5843333333
1559,818403.536328571
1560,1011110.2213
1561,24327.4524843604
1562,201968.457855556
1563,182742.560171429
1564,285513.827676623
1565,1748066.6482
1566,302038.54882684
1567,236144.607711233
1568,627035.258366666
1569,235193.809259664
1570,1066285.32596667
1571,277015.858833333
1572,322899.279980953
1573,363193.658695238
1574,311482.801761905
1575,289229.514666667
1576,256145.194659307
1577,113492.9868
1578,478146.394266667
1579,283498.203747619
1580,274835.673042315
1581,94186.9124523809
1582,169145.493676262
1583,289847.795033333
1584,1194144.9169
1585,161406.627474603
1586,143723.3062
1587,540076.3882
1588,242912.849
1589,541643.151733333
1590,335469.187257143
1591,506756.980533333
1592,219377.807144444
1593,229443.155033333
1594,778842.271341269
1595,113748.789266667
1596,122377.162337984
1597,102593.016452869
1598,206608.397835088
1599,1418498.77993333
1600,136869.025661905
1601,298507.580633333
1602,187526.251855555
1603,181896.174646032
1604,134649.97702518
1605,228569.266061905
1606,118676.767104762
1607,129681.835705395
1608,1076937.53746667
1609,69971.0275872181
1610,216669.928834554
1611,583447.731777778
1612,320706.103514286
1613,251095.49979697
1614,102576.876033333
1615,1036794.67997619
1616,105720.195990476
1617,488382.480319267
1618,368181.487259649
1619,268796.567615243
1620,510840.142
1621,342352.188811111
1622,369079.124766667
1623,117659.461133333
1624,771012.356090476
1625,44427.7110774115
1626,664201.652466666
1627,374822.792190476
1628,263681.801228571
1629,68053.1442666667
1630,140505.603034488
1631,336644.360404762
1632,306346.657119048
1633,159278.294533333
1634,900292.2756
1635,512512.466866667
1636,198312.28721746
1637,272774.198244444
1638,276908.4739
1639,290740.269261905
1640,126252.145226984
1641,168030.042222222
1642,320219.864790476
1643,150164.922933333
1644,75358.5400666667
1645,367738.747628205
1646,240329.428361905
1647,381885.3512
1648,53432.2834888889
1649,506761.967614286
1650,184043.955628571
1651,281203.769844444
1652,92122.3500904762
1653,143084.178198701
1654,421670.521390476
1655,230776.2616
1656,401853.196980952
1657,260711.410733333
1658,211578.416828571
1659,895455.475733333
1660,259581.256435404
1661,168521.69201039
1662,228119.012909524
1663,279082.798138095
1664,424721.368690476
1665,229861.920051587
1666,170500.8441
1667,366611.452166667
1668,175243.529666667
1669,287523.890228571
1670,163609.166365568
1671,79114.8037333333
1672,254836.329451515
1673,293036.853490476
1674,565482.146520635
1675,130402.7833
1676,66071.3713888889
1677,364382.375566667
1678,123469.823476191
1679,47891.2666977689
1680,609258.801
1681,283733.6116
1682,144149.105695238
1683,150332.173009524
1684,140534.732617605
1685,493830.751281818
1686,240792.726966667
1687,56077.3202666667
1688,208709.114261172
1689,246554.1306
1690,282769.194819048
1691,619032.935733333
1692,235801.217690909
1693,281621.199483333
1694,173480.692622222
1695,292324.870066667
1696,113686.366231746
1697,244813.021485714
1698,272437.187781046
1699,269344.841766667
1700,101239.690433333
1701,256491.143
1702,75681.1850666667
1703,71006.2802
1704,144216.745166667
1705,282561.408166667
1706,201290.551647619
1707,195450.221071429
1708,196238.303425397
1709,261311.943333333
1710,413441.906790765
1711,89754.5034666666
1712,160566.4070614
1713,164005.03629697
1714,775353.5117
1715,218906.721366667
1716,314302.899285714
1717,189314.186542247
1718,147228.5674
1719,231201.001333333
1720,193508.819384848
1721,701013.790866667
1722,293527.787795561
1723,65717.6649390573
1724,68202.4933869692
1725,850662.450366667
1726,473501.394733334
1727,64700.9152287582
1728,286856.222028571
1729,68335.1679333333
1730,268844.35542381
1731,273823.697147619
1732,2378776.084
1733,223342.290466667
1734,136108.370064411
1735,189153.018266667
1736,393252.760833333
1737,198444.135419048
1738,256494.930474359
1739,217039.315277778
1740,72223.179915873
1741,318495.248533333
1742,81204.7316666667
1743,84103.3223238095
1744,168393.62024359
1745,648152.578466667
1746,960541.010290476
1747,350307.2081
1748,172128.808619048
1749,184954.71458648
1750,492984.2155
1751,207344.036762698
1752,1472197.3541718
1753,620270.076066667
1754,105467.338336508
1755,93294.7153507936
1756,323890.515
1757,791762.080970588
1758,232490.449933333
1759,564226.44145651
1760,108761.350957143
1761,357453.266888889
1762,97930.9291666667
1763,85891.8644333333
1764,1665589.2808
1765,425089.0216
1766,319611.902242857
1767,1302813.508
1768,94697.784047619
1769,373713.451666667
1770,189471.523965079
1771,284339.158828571
1772,84680.1136044567
1773,43502.0173964702
1774,588522.333233333
1775,186967.2007
1776,479840.819166666
1777,227320.831177778
1778,230296.269033333
1779,1414522.12153333
1780,147192.717166667
1781,65470.0765333333
1782,395284.1629
1783,223835.058476191
1784,211572.417655556
1785,222650.230490476
1786,375190.067728571
1787,167705.007838095
1788,243066.122154762
1789,579958.652966667
1790,287243.298733333
1791,184984.253348485
1792,531311.277666667
1793,36322.2881037518
1794,204045.6983
1795,97115.8480677656
1796,380309.379766667
1797,282503.167180952
1798,187145.370361905
1799,118734.202190476
1800,320616.329654457
1801,318147.676609524
1802,66890.7752666666
1803,893869.059147619
1804,279287.598133333
1805,77576.8237333334
1806,412185.2898
1807,178597.939300433
1808,249589.1871
1809,203839.6579
1810,688275.404133333
1811,40992.1802411977
1812,96657.5023232561
1813,536276.5065
1814,71634.1914380953
1815,420036.69160303
1816,141900.161652381
1817,110000.233554619
1818,277137.375380952
1819,204368.4668
1820,155855.117080112
1821,757356.911566666
1822,240584.934603175
1823,317023.256233333
1824,271856.414792157
1825,101431.264266667
1826,736825.494966667
1827,189323.882171148
1828,46264.1106666667
1829,849412.180714285
1830,209491.494801898
1831,310663.240176191
1832,259916.077466667
1833,596042.286380952
1834,372286.5369
1835,1505163.75503333
1836,1087978.19326667
1837,248714.367961905
1838,219634.186810856
1839,103858.306716162
1840,346744.349931746
1841,178132.317719048
1842,56577.7983963925
1843,264484.082747619
1844,148283.423986869
1845,169850.035722944
1846,144562.863328571
1847,283839.4144
1848,201660.715419048
1849,196952.844932479
1850,84197.3472
1851,242748.97649697
1852,341980.352587302
1853,616595.290090476
1854,143542.329331746
1855,254813.012690476
1856,952291.548766667
1857,330539.439885714
1858,706593.861442857
1859,220537.312812876
1860,297930.023333333
1861,406281.672833333
1862,84619.9010333333
1863,283739.162678788
1864,115357.692603175
1865,198618.2249
1866,59801.7760445505
1867,162437.0766
1868,255980.314904762
1869,184399.713466667
1870,1299285.78813333
1871,322773.761792308
1872,251821.5737
1873,198136.526680952
1874,172715.062423153
1875,150485.0583
1876,429283.0192
1877,258900.690714286
1878,230616.259336168
1879,445138.890066667
1880,330787.845265812
1881,474311.686114286
1882,798255.325888889
1883,290709.885688889
1884,120630.2758
1885,296233.144480953
1886,303874.372247619
1887,252645.493586081
1888,123514.451766667
1889,166036.304359452
1890,144640.842266667
1891,43362.8372879121
1892,30705.5626285714
1893,248118.986977778
1894,196265.3915
1895,313995.303844444
1896,206615.515733333
1897,569853.758566667
1898,162440.949677778
1899,421511.257133333
1900,591758.558266667
1901,353954.5082
1902,240893.340787302
1903,288785.983173669
1904,253868.007466667
1905,594041.277704762
1906,255755.680442857
1907,151172.809321429
1908,129603.709623809
1909,222202.454266667
1910,131257.060209091
1911,248915.923861905
1912,161607.696277922
1913,113069.9901
1914,296646.638966667
1915,110530.181921213
1916,199898.362790476
1917,120470.773971429
1918,492927.418366667
1919,216633.6445
1920,221233.063819048
1921,111166.479168398
1922,137188.045566667
1923,404124.578107071
1924,87654.8622857143
1925,562754.841182828
1926,551468.464961538
1927,236300.508747619
1928,165419.127152381
1929,218959.960433333
1930,186366.684966667
1931,681437.641230736
1932,46925.6536952381
1933,64706.6121090909
1934,112622.4264
1935,250341.730733333
1936,209843.885033333
1937,153128.124733333
1938,217427.839863492
1939,290392.621161905
1940,1398672.84486667
1941,163946.160433333
1942,226677.852545238
1943,526732.085328283
1944,791548.6163
1945,61469.8324554834
1946,583407.119657143
1947,77486.1839285715
1948,316240.1067
1949,177686.542190476
1950,684666.428333334
1951,131346.721609524
1952,162715.254566667
1953,65512.7281333333
1954,397112.601133334
1955,128028.013188889
1956,260161.264897436
1957,86551.5436666667
1958,86687.9838974026
1959,281136.661266667
1960,716398.500366667
1961,258778.030933333
1962,112327.720033333
1963,236047.359221645
1964,102838.411514286
1965,75164.4917666667
1966,51436.571218315
1967,85370.3627294042
1968,551189.177155556
1969,484315.221369231
1970,1549375.7274
1971,586793.011566667
1972,279986.825173993
1973,360117.422056777
1974,194806.594566667
1975,688615.573066666
1976,386940.486016667
1977,206585.776808225
1978,290913.49392381
1979,65682.0374151515
1980,303034.023766667
1981,593089.035633334
1982,65515.6838333333
1983,100274.954566667
1984,45344.2224666667
1985,197350.425366667
1986,177462.08270525
1987,296273.295293507
1988,150560.203669231
1989,980398.416433333
1990,456047.581433333
1991,202583.273452464
1992,127439.4818
1993,265529.616390476
1994,98255.6696571429
1995,650833.800066666
1996,332319.729133333
1997,132316.788333333
1998,190487.311866667
1999,164041.7786
2000,1093934.6018
2001,342064.407547619
2002,70586.2033238095
2003,137658.890519048
2004,153076.274018391
2005,302866.115
2006,331838.8008
2007,61781.5003333333
2008,236581.718955555
2009,425549.387933333
2010,289381.359170531
2011,218095.4334
2012,255624.440666667
2013,103323.183066667
2014,306143.684833333
2015,235448.856866667
2016,1029148.72283333
2017,1654646.61926667
2018,195416.8489
2019,862975.085833333
2020,211622.145159411
2021,267575.516344445
2022,276734.497409524
2023,82118.7512085562
2024,158468.997593651
2025,301894.85032381
2026,68535.033352381
2027,200085.626595238
2028,270321.766033333
2029,351020.775633333
2030,293676.871
2031,37990.323124531
2032,193556.466554112
2033,205619.851766667
2034,343537.629966667
2035,46815.8782095238
2036,276734.150066667
2037,383337.610352381
2038,179738.795957143
2039,157106.984680087
2040,291310.6429
2041,187452.513166667
2042,200338.458319048
2043,292852.379419048
2044,311482.432811111
2045,471006.47812674
2046,798753.859609524
2047,79884.9888761905
2048,530374.638066667
2049,1049237.85876667
2050,60267.2335333333
2051,1067156.14626667
2052,109694.416372222
2053,458454.8344
2054,175572.64597619
2055,150222.972045671
2056,389935.892166667
2057,251226.523533333
2058,84034.426387013
2059,206256.918869852
2060,265798.7868
2061,252228.782623077
2062,183738.895633333
2063,111978.526377778
2064,364875.417366667
2065,146526.968017704
2066,227158.737666667
2067,189237.062049062
2068,284690.6724
2069,130182.83637558
2070,266505.597952381
2071,291514.059955556
2072,1109545.55283846
2073,123624.823133333
2074,132935.369857143
2075,52930.8174321789
2076,674802.415666666
2077,1287510.58983333
2078,153984.444552381
2079,126967.503586625
2080,367502.723866667
2081,210884.207990476
2082,287263.428739682
2083,616856.1164
2084,210861.850733333
2085,150380.360642857
2086,792083.105266667
2087,323059.057333333
2088,65122.199252381
2089,304575.7169
2090,530308.901766666
2091,242462.7563
2092,544533.780552381
2093,283257.3144
2094,57252.7497761905
2095,120306.403106593
2096,421347.839766667
2097,383002.110911111
2098,224988.234968254
2099,591957.917333334
2100,276263.482566667
2101,284796.062907936
2102,148478.171113726
2103,486653.429333333
2104,552189.049666667
2105,167255.112735897
2106,359433.485629535
2107,322508.184166667
2108,46199.1711923077
2109,270316.911
2110,264986.705752381
2111,48597.5965495726
2112,284581.1511
2113,285439.984352381
2114,595840.457966667
2115,274159.384733333
2116,82176.8367222223
2117,301506.326126294
2118,279571.887438095
2119,241169.49770303
2120,220401.629491342
2121,478356.982690476
2122,256685.1517
2123,190587.906961905
2124,130058.5165
2125,159393.16502381
2126,419367.161633333
2127,192445.178540394
2128,60817.6873349206
2129,405292.65012381
2130,185396.6449
2131,1325381.68826667
2132,572876.797942857
2133,394553.503566667
2134,276364.050666667
2135,441998.795433333
2136,214241.781050991
2137,134824.904566387
2138,158059.360994872
2139,317843.149511111
2140,555683.283066667
2141,142732.063147619
2142,309076.201733333
2143,198993.711814286
2144,207655.393933333
2145,42726.1553333333
2146,1104446.2992
2147,235572.522566667
2148,486207.392642857
2149,369751.835052381
2150,77423.081785014
2151,283163.780433333
2152,185477.047065568
2153,234843.277436508
2154,416758.098980953
2155,93695.8988793651
2156,753908.879566667
2157,121608.410655758
2158,306641.609148485
2159,522157.887961905
2160,290899.138980952
2161,73622.097375
2162,591052.402057143
2163,184447.163949791
2164,153738.323304762
2165,111454.135233333
2166,718789.375709524
2167,285990.162569697
2168,110093.396657576
2169,238208.762266667
2170,209955.081968376
2171,112966.64595641
2172,409334.902933333
2173,217366.256919048
2174,251745.052457143
2175,231929.551566667
2176,235782.6131
2177,276923.198433333
2178,284728.923277778
2179,626010.154633334
2180,271985.17095
2181,193426.974355556
2182,177463.287587446
2183,436841.437887301
2184,301940.699960928
2185,55727.1973333333
2186,406202.758347619
2187,1103598.76808095
2188,199675.898766667
2189,157140.452098413
2190,196526.34994359
2191,163072.228561905
2192,112471.28271746
2193,417334.995664935
2194,166969.899904105
2195,960604.96259394
2196,342847.563755138
2197,197801.715990476
2198,166823.871633333
2199,250511.388463858
2200,323775.748584849
2201,89930.7251
2202,165491.0977
2203,166118.418685714
2204,110149.15762619
2205,1009514.36346667
2206,88520.8308428572
2207,67295.5254666667
2208,155566.65897619
2209,116475.602033333
2210,754855.114666667
2211,200911.911378788
2212,244434.045666667
2213,325358.956669697
2214,102309.772766667
2215,64296.022152381
2216,1094488.2388
2217,294260.7156
2218,293744.5289
2219,317597.408576191
2220,351744.122733333
2221,275256.173448287
2222,449568.518733333
2223,45296.5867
2224,98478.3870222223
2225,1120581.24884444
2226,96526.0023510822
2227,425632.823966667
2228,103976.441095238
2229,271101.056321699
2230,161659.361838384
2231,305532.158785714
2232,302887.812652381
2233,192618.901061905
2234,726598.166
2235,334256.65044652
2236,555281.3187
2237,189250.653955556
2238,663773.521233333
2239,273523.743233333
2240,104851.406666667
2241,430457.318
2242,321153.1315
2243,864400.3344
2244,110948.354790476
2245,1393016.22726667
2246,180787.591443723
2247,555663.495666667
2248,77378.8708888889
2249,298660.844044445
2250,748749.163444445
2251,468114.425066667
2252,107363.562007504
2253,106318.308233333
2254,87248.8838410916
2255,318195.6318
2256,918746.5705
2257,63859.7055
2258,411309.582657143
2259,217751.387877778
2260,86953.0701161172
2261,291745.560661905
2262,320248.825546032
2263,283178.499561905
2264,1545941.06876667
2265,3268499.83823333
2266,135089.080861905
2267,58777.4968957672
2268,832264.793995238
2269,253108.166166667
2270,312894.220066667
2271,117833.36342381
2272,313308.103413187
2273,79713.364252381
2274,269294.1101
2275,337663.1709
2276,216996.300095815
2277,159171.361066667
2278,1938497.6841
2279,176752.656670707
2280,191852.508511111
2281,95928.6872523809
2282,1431392.1554
2283,766600.461723809
2284,314609.865733333
2285,577351.077433333
2286,90373.542836508
2287,389710.487566667
2288,53609.9282202703
2289,305776.569127273
2290,449400.253466667
2291,315504.131433333
2292,96906.1785253968
2293,181309.460271795
2294,318063.884433333
2295,287028.815471429
2296,396973.207180952
2297,213452.326344444
2298,275445.9219
2299,175015.360001221
2300,145476.956222222
2301,144157.167269231
2302,192970.794433333
2303,578750.836209524
2304,284889.13487619
2305,23823.0460705508
2306,575089.1916
2307,456561.442666667
2308,97229.805120202
2309,87923.4809382173
2310,647015.5868
2311,125931.803622222
2312,154561.715566667
2313,157645.952933333
2314,247172.100038828
2315,156333.695913409
2316,756262.9964
2317,204231.847386045
2318,228717.763985714
2319,299587.5043
2320,193869.013966667
2321,394540.650433333
2322,152891.4588
2323,481071.512533333
2324,228730.703966667
2325,132701.309266667
2326,148005.863384982
2327,103350.114342857
2328,151500.337438095
2329,382157.778868254
2330,651198.5235
2331,90587.4307800977
2332,341063.125433333
2333,152609.708233333
2334,1164378.02808889
2335,280512.919831746
2336,127886.8802
2337,367729.7075
2338,332094.147357143
2339,462071.200952381
2340,277856.428512699
2341,2504785.55357143
2342,287932.935366667
2343,294853.524466667
2344,476395.113177164
2345,298287.001742857
2346,145743.48312079
2347,219243.493241026
2348,450545.163533333
2349,122011.126266667
2350,157266.511604762
2351,220630.025933333
2352,97214.8505222223
2353,274165.760880952
2354,239289.15016811
2355,64423.8726111111
2356,184678.176449994
2357,187203.614895238
2358,189438.385916017
2359,367664.999309524
2360,145949.616051515
2361,281489.441057143
2362,220957.469811111
2363,760541.791609524
2364,67587.1328476191
2365,275584.053295238
2366,991840.162766667
2367,504241.1469
2368,163070.893663065
2369,593673.736361905
2370,154328.963883333
2371,199691.220445455
2372,167528.890066667
2373,32644.2088396825
2374,138900.983685714
2375,167887.287961905
2376,307715.6562
2377,108804.261133333
2378,263969.862590476
2379,1393486.58145556
2380,145191.963275124
2381,193276.493261905
2382,133880.530633333
2383,298179.744247619
2384,285785.345604762
2385,102758.105242857
2386,217451.562466667
2387,169293.531442424
2388,110640.047811111
2389,86131.2041857143
2390,95955.1188666667
2391,472182.063804762
2392,352360.069833333
2393,74765.4081333333
2394,339419.160533333
2395,357354.790440476
2396,370613.006566667
2397,255916.348012554
2398,298139.8352
2399,767698.676866666
2400,398543.267166667
2401,345887.02317619
2402,115548.118653014
2403,669183.391376984
2404,307735.021466667
2405,182879.683376923
2406,191507.932066667
2407,80877.9814333334
2408,1014646.32887576
2409,604921.817265945
2410,316502.71867619
2411,492003.960266667
2412,194213.299387302
2413,297148.4312
2414,402943.26090303
2415,395894.321866667
2416,214311.42381746
2417,94552.7187833333
2418,625065.905528572
2419,257369.5671
2420,469218.155733333
2421,368559.797694872
2422,427824.874895238
2423,225147.208176191
2424,277667.111566667
2425,355735.596892064
2426,484786.177366667
2427,347479.757566667
2428,405458.467255556
2429,334717.215366667
2430,521917.579488889
2431,305847.178580952
2432,172435.234611168
2433,409446.7209
2434,522346.306995238
2435,221832.990544444
2436,300973.219666667
2437,202650.326534998
2438,153971.277366667
2439,150628.074259661
2440,51624.7138242424
2441,105294.219833333
2442,199976.9157
2443,282413.4841
2444,117112.30155
2445,189024.827566667
2446,208958.019126984
2447,406193.960755556
2448,338899.845166667
2449,521634.967633333
2450,218947.538890476
2451,94808.9622033078
2452,768551.110233333
2453,211311.643306349
2454,175016.651599134
2455,278276.071866667
2456,593831.946633333
2457,175354.157626984
2458,167929.540987302
2459,196707.924666667
2460,180100.478933333
2461,394649.920336364
2462,186861.643627472
2463,172671.680444444
2464,374047.304907937
2465,153994.704533333
2466,103361.495409736
2467,280157.064833333
2468,395339.663034921
2469,250184.816761039
2470,368365.5176
2471,837617.0017
2472,126722.658745022
2473,203839.956833333
2474,207944.876566667
2475,493797.4061
2476,760123.597133333
2477,67101.8408041145
2478,360513.170279365
2479,81699.5874904762
2480,132207.443666667
2481,692894.199966667
2482,172381.541466667
2483,166413.311433333
2484,301992.694533333
2485,180403.965354137
2486,276807.613166667
2487,48537.7112769841
2488,169603.086788889
2489,283810.565866667
2490,144043.311453968
2491,883850.536795238
2492,58652.9052857143
2493,786008.0167
2494,452758.839766667
2495,524716.713233333
2496,617102.226097619
2497,346729.205266667
2498,299614.092633333
2499,704996.121624243
2500,120312.964357143
2501,57458.8926428571
2502,213418.033401754
2503,538565.267578788
2504,172170.114606349
2505,169242.774657143
2506,323532.474966667
2507,302803.924066667
2508,465424.9903
2509,208908.081866667
2510,182371.530287302
2511,310975.829090909
2512,158716.985614286
2513,848629.428266667
2514,229046.850733333
2515,332047.333816667
2516,143874.759266667
2517,92850.5100337662
2518,282698.406347619
2519,148316.631672619
2520,200172.051966667
2521,345553.314061905
2522,270093.643461905
2523,283430.541655556
2524,419901.6874
2525,151701.818452288
2526,207316.762047619
2527,61891.5996857143
2528,840541.406666667
2529,613573.211766666
2530,214746.322166667
2531,112846.553485714
2532,255661.386140476
2533,182985.719666667
2534,173978.406466667
2535,333028.161766667
2536,65974.7317238095
2537,533813.164623809
2538,397920.695331602
2539,139396.732711111
2540,444198.435904762
2541,434875.132822222
2542,154078.5542
2543,304547.6033
2544,423492.0085
2545,213146.424687879
2546,493125.212033333
2547,156318.1185
2548,109772.773090476
2549,301776.1829
2550,425495.3791
2551,919897.351522222
2552,262181.477666667
2553,310751.851360173
2554,601163.949992308
2555,249426.532961616
2556,307581.0042
2557,285854.472792064
2558,264284.54549648
2559,239408.6003
2560,239578.986366667
2561,136940.314752381
2562,128216.839566667
2563,323370.352533333
2564,1012821.41576667
2565,119423.234095238
2566,302898.842666667
2567,376589.902903174
2568,319918.242880952
2569,419828.93
2570,124435.014039316
2571,156769.545833333
2572,198826.831148485
2573,230348.6048
2574,207392.049333333
2575,333303.957978788
2576,131396.5977
2577,246765.356686957
2578,72061.514175641
2579,679325.3541
2580,302385.598485714
2581,245769.750566387
2582,387814.657332035
2583,355515.849433333
2584,147760.446866667
2585,87216.8220484849
2586,311757.345057143
2587,213392.799914286
2588,172678.077433333
2589,169932.58817619
2590,132365.444533333
2591,172103.988753114
2592,279638.879235287
2593,60798.3639
2594,94690.9107666667
2595,281013.635288889
2596,420273.1766
2597,289540.353212698
2598,202984.451114286
2599,266143.628991125
2600,433271.706961905
2601,246875.353066667
2602,508518.629905628
2603,320118.257133333
2604,260499.644521569
2605,189259.678713187
2606,221643.2903
2607,310141.21567619
2608,179509.245078788
2609,1015850.88676667
2610,218462.917092244
2611,911174.583733334
2612,362910.869408159
2613,420479.419133333
2614,1191232.73923333
2615,158756.20907619
2616,88279.3897031746
2617,175077.880755556
2618,279940.580030769
2619,301159.097983983
2620,167097.111169612
2621,81718.018627451
2622,333457.235433333
2623,150432.703533333
2624,55110.953147619
2625,266041.946188889
2626,189969.5968
2627,221727.573633333
2628,93063.4887333333
2629,284277.610633333
2630,296826.501966667
2631,239333.891918182
2632,285297.682888889
2633,107674.674122222
2634,140200.380029879
2635,581645.091266666
2636,354242.3642
2637,374779.138433333
2638,1217680.34923333
2639,408253.5635
2640,219754.100844444
2641,205176.061164502
2642,157766.874595238
2643,311132.622780952
2644,497716.208880952
2645,456249.13461746
2646,77282.0544897436
2647,85123.8231828572
2648,54787.8309333334
2649,460902.1821
2650,145792.7811
2651,294225.9452
2652,54894.9995648288
2653,155647.702055556
2654,740625.960487879
2655,293342.5364
2656,172075.049489058
2657,238526.077794872
2658,1450345.25273333
2659,235602.674804762
2660,202919.016
2661,113051.482790476
2662,172043.477146032
2663,231563.123766667
2664,1139443.9495
2665,178857.871080952
2666,273179.308154546
2667,400254.428395238
2668,197588.0235
2669,130418.307430736
2670,368244.65434899
2671,241105.835900144
2672,219856.196857143
2673,20482.0102425864
2674,50227.2213763126
2675,385642.916866667
2676,463281.819395238
2677,423514.445604762
2678,188116.298228571
2679,84159.9817757576
2680,135580.557533333
2681,147244.584803663
2682,162726.840886147
2683,165938.091490476
2684,372760.402
2685,205580.273833333
2686,314966.977533333
2687,171218.951452381
2688,535079.215316667
2689,532589.867723077
2690,618985.968666667
2691,283530.148833333
2692,138184.975943362
2693,242710.371133333
2694,201721.795238095
2695,258401.668433333
2696,246421.26776732
2697,85990.2582333334
2698,272471.007891919
2699,523732.804466667
2700,155453.384089394
2701,335515.665733333
2702,143741.56874127
2703,1168798.1386
2704,314716.917144589
2705,409892.144511111
2706,280598.487
2707,1302371.7211
2708,351339.391034403
2709,946103.7986
2710,85765.9368809524
2711,127957.391347619
2712,232909.872833333
2713,211044.382266667
2714,172471.7554
2715,993834.0243
2716,249289.2983
2717,340787.366733333
2718,306000.8517
2719,319821.576412698
2720,189139.4816
2721,160721.715885714
2722,246436.34509697
2723,76433.8529333333
2724,258186.046880952
2725,84339.8008290641
2726,699116.7791
2727,372205.130970448
2728,351239.255909524
2729,348103.708134921
2730,245689.608266667
2731,686265.040266667
2732,831371.464428572
2733,223922.846233333
2734,260222.85271746
2735,482479.084207937
2736,154122.823968182
2737,326218.097644444
2738,206388.103013206
2739,481775.210533333
2740,273971.066033333
2741,303470.587295238
2742,264608.383440616
2743,610650.669361905
2744,942958.5984
2745,288121.043964103
2746,302478.959785714
2747,97871.7598571429
2748,210584.701566667
2749,150795.136707504
2750,254601.954619048
2751,356840.871936364
2752,117092.3957
2753,365946.526333333
2754,385590.29485
2755,189282.9597
2756,224609.742833333
2757,338496.404590476
2758,230231.495
2759,247443.365557143
2760,1131023.06493333
2761,973313.388376191
2762,229807.340535598
2763,176585.104685057
2764,783312.458466667
2765,246250.233033333
2766,134773.338667821
2767,967415.737971795
2768,484631.560242857
2769,124732.884324908
2770,220182.964357143
2771,317046.557866667
2772,205790.600475111
2773,249861.987425397
2774,131363.746152381
2775,162314.697188889
2776,126195.943969048
2777,709818.133966667
2778,114740.635610256
2779,99986.1347333333
2780,2150324.26466667
2781,95479.7095333333
2782,462381.034575092
2783,131904.151662963
2784,122824.024333333
2785,356640.774895238
2786,327733.5034
2787,142310.97242634
2788,615972.4172
2789,112880.161771429
2790,196784.504398413
2791,144104.863516306
2792,120320.771538095
2793,201299.009466667
2794,87778.8056193362
2795,412447.426333333
2796,385658.881733333
2797,456232.2317
2798,116092.139257143
2799,150087.999714719
2800,294066.981133333
2801,66162.1544333333
2802,2189480.50526667
2803,614448.240833333
2804,390033.432166667
2805,221219.068521212
2806,244152.845308575
2807,348241.411314286
2808,1333890.27556667
2809,153136.110133333
2810,342821.983666667
2811,154189.349777778
2812,208809.7265
2813,326223.607685714
2814,159972.0219
2815,445878.976833333
2816,123127.079666667
2817,143866.449633333
2818,203631.553173016
2819,326984.929066667
2820,680488.560966667
2821,366371.490712821
2822,137522.783728571
2823,318122.419485714
2824,72737.561554584
2825,274787.155766667
2826,409863.12052381
2827,227012.966280952
2828,280443.82944596
2829,322018.2855
2830,145210.2332
2831,56330.4572149068
2832,186524.376873016
2833,427296.733704762
2834,143641.582266667
2835,122869.191401732
2836,543654.415866666
2837,216979.257490476
2838,228486.372990476
2839,358666.351066667
2840,147173.591079365
2841,232012.895151515
2842,397034.986833333
2843,1862943.89413333
2844,721187.6272
2845,371481.136716667
2846,589667.984433333
2847,141475.868874365
2848,54450.3121047619
2849,141661.449633333
2850,225715.112014286
2851,284273.776577289
2852,922454.506652381
2853,174119.723752381
2854,690800.661128571
2855,669356.520966667
2856,376444.415833333
2857,26891.456383662
2858,98618.50085
2859,138759.593466667
2860,320051.699620635
2861,146199.727266667
2862,201414.365797619
2863,384070.984233333
2864,508069.338733333
2865,163686.304619048
2866,417770.384833333
2867,991454.0188
2868,169233.31742381
2869,187496.418133333
2870,362238.042995238
2871,197917.65047619
2872,106511.630019048
2873,409843.537580952
2874,312263.872
2875,1203148.26703333
2876,284072.999285714
2877,569246.216133333
2878,185507.238033333
2879,171127.998614286
2880,576584.575766667
2881,83997.5148454546
2882,126613.897366667
2883,96176.0499333333
2884,377953.403666667
2885,354797.524033334
2886,53437.9807642135
2887,74765.4409333333
2888,601250.389933333
2889,216567.338111111
2890,117461.897304762
2891,98353.9998460317
2892,146410.4461
2893,402941.511833333
2894,307655.389902564
2895,163706.760828571
2896,378906.0057
2897,692326.965566667
2898,104592.849466667
2899,181630.423360606
2900,182432.276787302
2901,71647.7821045113
2902,192574.516130736
2903,290028.141833333
2904,360396.057666667
2905,226080.189755556
2906,358897.689790476
2907,82402.8955
2908,417958.844866667
2909,257588.212866667
2910,247062.527423377
2911,73962.4879444445
2912,140183.480853785
2913,1016564.65678571
2914,320406.676357143
2915,61374.4674807018
2916,356116.650529972
2917,302775.051388745
2918,176720.949338095
2919,542622.547485714
2920,241252.600466667
2921,225590.841242857
2922,51465.7258063492
2923,293883.408428571
2924,225003.327033333
2925,151134.894233333
2926,292615.9355
2927,234661.524647619
2928,196982.886364446
2929,341745.561706061
2930,418013.922133333
2931,79458.9632428571
2932,111117.0684
2933,253271.4072
2934,213374.50865891
2935,213128.592233333
2936,1150323.87503333
2937,147354.352396825
2938,328227.2538
2939,461867.681833333
2940,132900.6315
2941,161783.261014286
2942,200869.383260606
2943,123289.907861905
2944,283402.533266667
2945,94098.0952232212
2946,174081.967077778
2947,315598.289607692
2948,477222.886866667
2949,293079.108971429
2950,223372.543074636
2951,316849.017933333
2952,89510.0634273183
2953,1587179.31673333
2954,424029.750669697
2955,288487.7383
2956,887927.182533333
2957,101470.497966667
2958,148391.716080392
2959,107669.728280952
2960,119533.752566667
2961,1091512.6373
2962,465135.439260606
2963,926910.752047619
2964,85535.9045240403
2965,306346.284544444
2966,159703.027364213
2967,145099.497704365
2968,95093.7489666667
2969,266392.480733333
2970,382338.0933
2971,216618.654266667
2972,179989.916842857
2973,88743.6254508547
2974,156809.376233333
2975,536803.296233333
2976,563025.91932381
2977,239071.635557143
2978,627407.696466666
2979,122999.666455556
2980,324409.320507692
2981,736206.124066667
2982,74847.3956
2983,33718.1395846207
2984,382377.687266667
2985,74630.3665
2986,110126.660046753
2987,693771.072551282
2988,194380.292479487
2989,89248.7552666667
2990,318716.498207692
2991,257894.7414
2992,188653.402511111
2993,222810.960912121
2994,162957.879015152
2995,186116.3414
2996,122736.604833333
2997,687776.577171429
2998,100286.4953329
2999,385510.998028572
3000,45198.5817476191
3001,138126.543307936
3002,275896.483315152
3003,723723.466733333
3004,125245.91372381
3005,190591.826085714
3006,946821.054333334
3007,305002.963635098
3008,189379.204060606
3009,314026.2681
3010,232446.226049206
3011,73291.1462659452
3012,1286324.55854762
3013,333847.4066
3014,227950.837525397
3015,361896.060861539
3016,246222.075933333
3017,125135.669112698
3018,56388.0548807018
3019,51373.1444069264
3020,137505.804788634
3021,244598.769866667
3022,653315.551833333
3023,169350.8934
3024,220831.340833333
3025,262599.748323809
3026,80642.3821142857
3027,130377.445033333
3028,234891.6069
3029,241715.245338095
3030,705364.225966667
3031,353559.971960617
3032,255905.1592
3033,317464.616234943
3034,354959.6605
3035,145823.980668627
3036,163663.5599
3037,240321.615528571
3038,3050591.9868
3039,274562.894899944
3040,226948.129238095
3041,98144.3644807017
3042,198450.475233333
3043,263499.19477367
3044,836856.39727619
3045,567345.8479
3046,199186.527366667
3047,146392.734173389
3048,269271.153938095
3049,792516.840666667
3050,78207.835738282
3051,297268.673233333
3052,433182.681055556
3053,39799.6864638064
3054,257136.452947619
3055,348296.394833333
3056,300351.795166667
3057,219724.515633333
3058,1888156.84563333
3059,678265.716766667
3060,1113466.0711
3061,109290.674919048
3062,27424.778876912
3063,165155.8443
3064,69524.7836
3065,69200.6763603175
3066,1220778.83693333
3067,235958.402319048
3068,223631.7142
3069,64971.6014
3070,1770483.97743333
3071,403839.830228571
3072,940739.575633333
3073,454288.5015
3074,366867.294766667
3075,129824.009633333
3076,215625.459552381
3077,62700.2141333333
3078,81148.7807365079
3079,629705.881833333
3080,137608.584680952
3081,297134.999160317
3082,183112.736432035
3083,802750.840047619
3084,143637.712142857
3085,441516.999
3086,108899.84257619
3087,158149.427985531
3088,33390.961806166
3089,49510.2899090909
3090,111388.792235742
3091,64879.3646333334
3092,538515.656633333
3093,373291.2027
3094,273269.831472671
3095,336601.528409524
3096,447523.477433333
3097,387618.975966667
3098,142855.236233333
3099,363352.623166667
3100,44889.9053733964
3101,382092.679733333
3102,518259.739144444
3103,281489.31570583
3104,308678.073933333
3105,113454.877081818
3106,515721.472933333
3107,177478.2007
3108,67132.6452707792
3109,107946.441566667
3110,348093.974801587
3111,201063.996465079
3112,285683.020125541
3113,737523.178166667
3114,146484.778118391
3115,225636.697406249
3116,157682.375433333
3117,2482864.26663333
3118,164286.273942125
3119,281846.662590909
3120,579085.637483333
3121,308347.477810256
3122,167389.255093407
3123,870286.297633334
3124,248116.961966667
3125,270812.551586956
3126,570625.984642857
3127,440348.1116
3128,411033.520928572
3129,525382.502609524
3130,72984.6917014291
3131,2023159.08893333
3132,79933.7147904762
3133,204765.359083333
3134,369071.986
3135,178137.555150427
3136,95236.6276539682
3137,651849.054247619
3138,63909.8297969697
3139,256767.76765348
3140,341796.30898307
3141,74711.6908277778
3142,547672.840126984
3143,425691.7777
3144,460666.661433333
3145,312009.921233333
3146,57756.8873911789
3147,240664.882739394
3148,360486.815033333
3149,1484920.1391
3150,513858.7643
3151,80548.0585149054
3152,59953.2030380952
3153,465563.8105
3154,330445.674866667
3155,829083.999833333
3156,288394.579576923
3157,255935.490633333
3158,178429.930433333
3159,313335.0675
3160,299910.4616
3161,439969.704266667
3162,412632.583666667
3163,678339.537966667
3164,313467.179569188
3165,182677.012605916
3166,165497.745766667
3167,122668.374166667
3168,1450752.4687746
3169,114089.585866667
3170,73550.879075
3171,154861.162704762
3172,174768.5178
3173,293895.9418
3174,399700.7238
3175,98855.6801718854
3176,204549.219467949
3177,568973.9708
3178,163976.626947619
3179,92631.8204571428
3180,1552944.88196667
3181,180888.803559707
3182,617364.037053968
3183,145561.974957143
3184,259567.281004762
3185,225094.240666667
3186,160956.696533333
3187,184968.648104762
3188,146436.812837374
3189,266793.989785714
3190,193054.622702381
3191,81328.46650868
3192,441383.3831
3193,197434.216357143
3194,331554.860066667
3195,185855.779252381
3196,359940.273933333
3197,502911.475166667
3198,693398.2933
3199,375879.645457143
3200,90667.2242777777
3201,460809.061233333
3202,923606.622766666
3203,108781.28215
3204,178788.531997547
3205,983140.6262
3206,781058.905752381
3207,254477.263238572
3208,33147.9578666667
3209,329658.992766667
3210,122358.669335714
3211,201074.836666667
3212,816379.943933333
3213,467090.893266667
3214,259982.287846753
3215,1976959.73625556
3216,193102.11711464
3217,126636.201081818
3218,145419.025933333
3219,95236.2966238095
3220,501655.012133333
3221,125742.669179365
3222,157201.111571429
3223,310278.033666667
3224,187473.407740842
3225,208360.052609524
3226,262781.806722222
3227,134606.154966667
3228,251234.23689697
3229,78054.7813333333
3230,61175.5013424242
3231,231487.235366667
3232,273413.147830736
3233,135647.554866667
3234,166449.025628571
3235,280413.242733333
3236,271535.2569
3237,328270.154885714
3238,148422.227949206
3239,559666.626520513
3240,51668.3347333334
3241,567622.2919
3242,98969.4135848485
3243,371448.682833333
3244,81727.1610809524
3245,93589.3559600288
3246,46861.4350666667
3247,176331.091580952
3248,163892.227477965
3249,371298.415209524
3250,146338.119266667
3251,368275.533542063
3252,207565.938272294
3253,187216.253880952
3254,189863.4863
3255,247961.932699771
3256,909833.332533333
3257,385523.835647763
3258,322145.642623377
3259,421180.036430359
3260,80040.3281545122
3261,199393.519733333
3262,79497.1595646465
3263,754027.886933334
3264,146402.106495238
3265,554494.345905927
3266,230914.263504762
3267,104742.153680952
3268,314843.622753968
3269,156590.757886147
3270,97017.6597111111
3271,290446.673676923
3272,152409.221917316
3273,227802.0574
3274,257406.487771795
3275,62158.0510666667
3276,281840.821357143
3277,437159.694409524
3278,127768.470488889
3279,217970.186628572
3280,333579.590630159
3281,292607.452055556
3282,414891.725733333
3283,324990.1139
3284,345248.341495238
3285,155718.827654356
3286,455491.674233333
3287,837194.713042857
3288,163483.422144444
3289,331519.548666667
3290,564289.294895238
3291,257494.654609524
3292,198955.533789655
3293,54117.8037690009
3294,345205.057633333
3295,709154.878290476
3296,60952.5053
3297,2327464.55703333
3298,230194.975685714
3299,259390.487285714
3300,245117.1931
3301,464153.846466667
3302,315143.629418803
3303,417463.7385
3304,463244.748804762
3305,116119.313811111
3306,1675476.60423333
3307,137190.97315
3308,496313.849233333
3309,452692.319271429
3310,231016.864171921
3311,160913.615722222
3312,141137.680657143
3313,198018.015407936
3314,104165.817622222
3315,68201.3932
3316,312726.6402
3317,330356.364
3318,314228.565433333
3319,249476.773990476
3320,176952.094755556
3321,225792.027855556
3322,151159.4089
3323,1047930.8801
3324,823432.028380952
3325,440111.639172727
3326,163389.694366667
3327,49392.6232715183
3328,109120.522290476
3329,793409.340214286
3330,397619.559266667
3331,43117.3568913781
3332,167803.627033333
3333,172539.342544444
3334,431232.725533333
3335,206877.73452381
3336,90321.5278347985
3337,290404.401512698
3338,70330.0663
3339,467130.610173016
3340,190751.232365823
3341,195042.4849
3342,699206.466480952
3343,333207.296542857
3344,100887.014352381
3345,594824.839388828
3346,155906.776104762
3347,111185.819922222
3348,201257.616204762
3349,197217.133035714
3350,106294.774626316
3351,1357843.58613333
3352,424002.09452381
3353,552014.034542857
3354,748812.627266667
3355,94713.396
3356,270053.889117544
3357,127307.017966667
3358,209264.2692
3359,919202.652333333
3360,131115.132514286
3361,242729.616566667
3362,197049.674433333
3363,282611.903566667
3364,421366.274470588
3365,736375.228833333
3366,278338.426011111
3367,1010408.15126667
3368,210930.511842369
3369,198500.972699495
3370,240244.679866667
3371,415071.6158
3372,106891.290195238
3373,375485.28007834
3374,259854.544914006
3375,95999.5006333334
3376,334621.103466666
3377,146909.630576612
3378,279563.598334921
3379,71926.1814476191
3380,475063.0216
3381,81540.0858777777
3382,137456.984597436
3383,112470.346401058
3384,314891.451390476
3385,216653.001733333
3386,244007.8634
3387,380173.683533333
3388,756856.1678
3389,108421.231169841
3390,40370.2321683983
3391,310033.573933333
3392,361691.716728571
3393,639202.988485715
3394,181321.087086508
3395,715777.285979365
3396,93849.7110857143
3397,153306.608571429
3398,360024.188733333
3399,417994.477333333
3400,814570.4142
3401,180706.61367619
3402,75739.6698398268
3403,196327.733733333
3404,237553.93107619
3405,106642.986666667
3406,615209.4649
3407,360498.084642857
3408,1326966.41163333
3409,638751.154714286
3410,306816.244333333
3411,143157.105566667
3412,250992.700033333
3413,314657.261833333
3414,291660.8724
3415,555940.690236905
3416,262280.715068421
3417,361071.450577778
3418,445042.463245022
3419,744753.180433333
3420,92602.7923459765
3421,35586.8396444445
3422,411173.521333333
3423,187920.920961416
3424,617782.405833333
3425,584924.762
3426,168148.211704762
3427,554460.06987619
3428,427181.00648718
3429,640504.1934
3430,814701.2034
3431,295090.422590476
3432,217795.240028571
3433,87115.6069811391
3434,317480.9836
3435,416991.762776191
3436,85691.4925666667
3437,83023.3747142524
3438,318456.302466667
3439,192489.242466667
3440,94735.2943984127
3441,137432.1313
3442,371202.843266667
3443,225630.806471429
3444,60497.0171091575
3445,308503.947266667
3446,463687.474584058
3447,411288.3887
3448,341377.782633333
3449,336853.139066667
3450,176995.229447863
3451,243343.292766667
3452,247012.227561905
3453,368565.3004
3454,700188.429833334
3455,426119.561628571
3456,222186.645341414
3457,263785.770142857
3458,786419.699466667
3459,790776.594433333
3460,108838.9831
3461,386848.302395238
3462,66090.3018311612
3463,310660.704580952
3464,212975.388066667
3465,1168813.51444444
3466,256070.8787
3467,242023.487011111
3468,352685.655619048
3469,238334.901471429
3470,731296.956166666
3471,312793.696033333
3472,224637.1725
3473,298433.680674603
3474,71158.5096678571
3475,124326.130757143
3476,265868.686366667
3477,368111.362988889
3478,420385.052171429
3479,567431.6913
3480,312648.122147619
3481,428271.864966667
3482,435578.1795
3483,208952.485285714
3484,342921.0577
3485,242263.098557509
3486,214106.47681039
3487,307244.443683982
3488,379591.044952381
3489,205787.438666667
3490,222071.914104762
3491,995341.262333333
3492,37522.7149904762
3493,375448.484933333
3494,678400.559666667
3495,727531.810111111
3496,1380258.92053333
3497,75878.8695142857
3498,998419.233533333
3499,169355.942333333
3500,51767.4331444444
3501,153966.514711111
3502,213696.843333333
3503,125247.135072405
3504,390980.948142857
3505,121205.932693333
3506,484460.637616043
3507,482244.111942857
3508,297529.527466667
3509,214409.337928572
3510,507978.92918718
3511,560578.031033333
3512,162505.514133333
3513,56534.3072142857
3514,174397.2116
3515,41590.0803783702
3516,326567.30347619
3517,480748.815833333
3518,103828.695953247
3519,110700.040161905
3520,178835.63292684
3521,167227.208415873
3522,829131.572666667
3523,210925.4371
3524,136700.201766667
3525,631505.794155556
3526,181164.584595238
3527,238681.0185
3528,290192.7894
3529,78956.8573333333
3530,333215.072255555
3531,200217.317479198
3532,1032438.9621
3533,380178.533516667
3534,55353.0517471862
3535,323481.415833333
3536,267453.170654545
3537,60351.0126666667
3538,99147.5306
3539,137077.390519048
3540,473362.085666667
3541,341969.158533333
3542,458736.012633333
3543,280880.722060317
3544,285412.2655
3545,151347.891466667
3546,180817.041124618
3547,178202.443199343
3548,335450.899433333
3549,190989.33961574
3550,55384.5634047619
3551,359029.957418182
3552,360845.7668
3553,50409.8324
3554,853326.135693939
3555,423516.2174
3556,302160.2039
3557,1556918.82653333
3558,272385.351907143
3559,169077.060333333
3560,687613.012366667
3561,215778.77427619
3562,409436.834266667
3563,104068.624165079
3564,1572737.00036667
3565,167106.301322222
3566,272339.705906588
3567,1097625.48103333
3568,161022.540678571
3569,293642.450747619
3570,967928.290366666
3571,405268.166533333
3572,150068.179509524
3573,304106.046733333
3574,382213.0039
3575,238197.335071429
3576,1232167.78886667
3577,115399.428118182
3578,95180.8283206349
3579,115252.971726984
3580,34808.1599230952
3581,65589.3995904762
3582,318092.957782353
3583,194730.564233333
3584,116051.498138889
3585,203294.679192352
3586,137036.03917619
3587,474697.605009524
3588,382928.672433333
3589,202348.848223268
3590,207792.620731746
3591,511832.035851282
3592,231595.49640056
3593,122496.784471429
3594,143879.206597619
3595,251832.20855641
3596,189100.073833333
3597,406049.8113
3598,352105.076609524
3599,146341.818963292
3600,164007.150322511
3601,192330.02027595
3602,799647.506
3603,201174.409781746
3604,702683.682766667
3605,212603.280552292
3606,40506.4288666667
3607,405252.8836
3608,29075.057370202
3609,45242.7312040293
3610,539165.205266667
3611,527321.365209524
3612,272136.1394
3613,442033.431433333
3614,89117.7056876358
3615,113953.160123809
3616,65605.1408603175
3617,322534.517385714
3618,158345.129221795
3619,183529.998587879
3620,499547.234795238
3621,361353.785566667
3622,423626.7646
3623,413277.844514286
3624,692340.865433333
3625,300612.990833333
3626,187731.008798901
3627,514025.258833333
3628,707359.710488889
3629,144304.455058974
3630,104041.501811111
3631,204375.837588889
3632,103408.479080952
3633,72689.4572
3634,440041.906422222
3635,679297.703457143
3636,310120.44199394
3637,539215.337095238
3638,264794.594245887
3639,208894.291988889
3640,738566.414866667
3641,287739.023958608
3642,183036.611458508
3643,351076.436985714
3644,190498.548566667
3645,367478.211480953
3646,33173.7684642191
3647,245220.3384
3648,71808.3073
3649,371491.833011111
3650,290574.8654
3651,235001.336457143
3652,152521.723873016
3653,358764.088128571
3654,218754.584114286
3655,1177221.75713333
3656,429263.822266667
3657,112753.50487619
3658,99544.0666241869
3659,192342.662266667
3660,330738.839266667
3661,131209.532733333
3662,493753.0547
3663,69426.9051025253
3664,57244.4316945887
3665,267682.439087302
3666,231651.362436168
3667,216047.264620779
3668,724474.386466667
3669,76158.4418142857
3670,210220.455283117
3671,437791.716433333
3672,739285.879366667
3673,150334.143433333
3674,240803.519361905
3675,275867.645233333
3676,372881.419849783
3677,184290.643342857
3678,1148728.53945128
3679,117107.460792308
3680,86828.1046238095
3681,266593.206780542
3682,1642324.53666667
3683,452450.291233333
3684,162965.548190476
3685,76148.4320333334
3686,136528.521738095
3687,50725.0642997114
3688,263899.934922222
3689,230949.539786956
3690,300261.5429
3691,348627.747194872
3692,218374.793022222
3693,303275.312433333
3694,364539.691261905
3695,369120.26201746
3696,745014.442861905
3697,192092.350551282
3698,494304.114601587
3699,260673.257033333
3700,123080.866966667
3701,215559.868209524
3702,459199.1356
3703,397211.368266666
3704,352647.610933333
3705,47195.0678555555
3706,254877.8639
3707,680393.952640404
3708,331698.731284848
3709,532015.613047619
3710,371927.100095238
3711,225009.25412924
3712,86218.1838
3713,517035.642133333
3714,149979.767790476
3715,368341.305866667
3716,351578.334366667
3717,492607.9087
3718,1345539.86636667
3719,193065.119013564
3720,108914.953904762
3721,334702.730523809
3722,78689.8404334502
3723,223327.485709524
3724,274362.466316239
3725,93710.1833333333
3726,284353.113290476
3727,411583.280933333
3728,261259.04591746
3729,51338.9207333333
3730,86237.3635333334
3731,213273.841461905
3732,241026.872266667
3733,635038.921833333
3734,209058.152433333
3735,711652.009471429
3736,483896.075602564
3737,51638.49054329
3738,386889.777966667
3739,288865.826819625
3740,98138.7470333333
3741,376789.745966667
3742,78450.5645666667
3743,559482.668481818
3744,247301.179007692
3745,353516.909266667
3746,143483.478247253
3747,149624.946666667
3748,105744.708519048
3749,302972.76765671
3750,406303.217584058
3751,244604.921266667
3752,253350.329425974
3753,353806.387820513
3754,364292.0806
3755,290529.340781818
3756,276066.898
3757,162420.302407692
3758,234703.879688889
3759,172694.763209524
3760,404936.438
3761,139687.343033333
3762,499618.2148
3763,902491.341352381
3764,142397.969466667
3765,157222.757270552
3766,590977.166846032
3767,441575.482833333
3768,80563.4904047619
3769,148545.4688
3770,173429.141933333
3771,405067.159766667
3772,238247.284030303
3773,603468.7334
3774,1012132.523
3775,238160.616813165
3776,125056.490401307
3777,231094.704688889
3778,856388.843766667
3779,312470.441433333
3780,134582.9797
3781,703597.325238095
3782,163484.340652101
3783,230671.301884127
3784,295917.585666667
3785,76666.9544753247
3786,111510.588533333
3787,297749.7099
3788,527801.446809524
3789,444691.318730769
3790,1401087.05033333
3791,204262.467735154
3792,104361.824757143
3793,814422.607466667
3794,529340.8838
3795,273030.754533333
3796,424556.092366667
3797,313644.8838
3798,759599.370833333
3799,95152.0943766573
3800,320530.652933333
3801,278314.142113187
3802,164311.924738095
3803,226164.553866667
3804,642026.582166667
3805,467899.026895238
3806,75807.3733333333
3807,359444.415695238
3808,290859.290933333
3809,181386.758866667
3810,109660.9973
3811,264151.6658
3812,212366.516322055
3813,340434.573233333
3814,524300.2091
3815,213718.530766667
3816,207550.7065
3817,368665.787877778
3818,1103877.97853333
3819,187541.188191919
3820,279971.525333333
3821,162062.6742
3822,266341.967166667
3823,77021.0417238095
3824,70504.6190570593
3825,299556.053266667
3826,287893.406433333
3827,194821.846431322
3828,488705.062838095
3829,57138.1283
3830,191707.875157143
3831,938644.622066666
3832,131998.6126
3833,30195.2864476191
3834,252435.261433333
3835,137565.859114286
3836,478763.70632381
3837,256484.70922381
3838,421866.393685714
3839,420360.028117316
3840,262199.795352381
3841,498536.2139
3842,89999.2498857143
3843,246233.8724
3844,243514.6352
3845,585825.0244
3846,78729.4055969697
3847,225082.694478788
3848,347117.689057143
3849,580008.818078571
3850,645591.056677777
3851,259944.588953623
3852,309895.465966667
3853,302804.4666
3854,203636.850374725
3855,237876.5692
3856,217782.337542857
3857,249629.398646032
3858,210941.4612722
3859,261897.738005128
3860,1627846.21503333
3861,208440.439211111
3862,226745.337326087
3863,412341.569966667
3864,180206.060488889
3865,55442.3060333333
3866,209556.874166667
3867,307853.5141
3868,844953.140147619
3869,119764.417455339
3870,521042.850481818
3871,196440.055936508
3872,208937.171566667
3873,305440.189466667
3874,111573.8885
3875,414386.866
3876,561867.863339683
3877,201827.307288889
3878,172827.84837316
3879,282186.559090476
3880,140047.570988745
3881,547748.344933334
3882,114707.012765419
3883,184710.4479
3884,120236.479933333
3885,35545.9686924298
3886,168493.781562626
3887,145392.8135
3888,487973.165492352
3889,852454.511033333
3890,103530.827722222
3891,139271.596933333
3892,321931.934814286
3893,205925.313347619
3894,154596.375636508
3895,287533.939233333
3896,350203.708466667
3897,288116.472566667
3898,123014.223291357
3899,691273.760333334
3900,192320.481333333
3901,240964.278833333
3902,667140.931909524
3903,199510.811118504
3904,365481.763333333
3905,246418.43388315
3906,208388.70238718
3907,1139707.9879
3908,88491.5125245421
3909,141436.586466667
3910,70197.4912
3911,217281.902866667
3912,125926.999566667
3913,182447.527138672
3914,135383.672333333
3915,70327.3505666667
3916,164643.036322222
3917,485640.523466667
3918,161665.956077778
3919,915227.699560256
3920,1032682.20063333
3921,184043.746161905
3922,843800.642733333
3923,413100.616454762
3924,817755.5706
3925,263199.620766667
3926,261264.522
3927,234724.403594805
3928,112102.769004762
3929,2194836.17233333
3930,172502.988600866
3931,99829.3924428571
3932,155521.069433333
3933,122093.187328571
3934,465058.131269841
3935,189495.161733333
3936,610867.742857143
3937,29596.1017253968
3938,135018.578900488
3939,179318.835622222
3940,623192.435633334
3941,53413.8879380037
3942,686444.8378
3943,159488.767252381
3944,187746.80415
3945,185680.736568254
3946,191099.384625397
3947,1823265.37373333
3948,248081.645266667
3949,220295.456547619
3950,283588.562009524
3951,1086911.8808
3952,366890.035917849
3953,882576.398666667
3954,173735.777250794
3955,734676.577177778
3956,186580.694533333
3957,207655.9796
3958,110725.74472381
3959,418133.9024
3960,232307.537266387
3961,355806.131425974
3962,413875.390066667
3963,50608.0159611111
3964,574309.806433333
3965,317340.630076191
3966,152586.1437
3967,217130.399139683
3968,109709.165533333
3969,292502.623451515
3970,135151.145807936
3971,610128.4525
3972,131125.674766667
3973,187577.386342857
3974,284222.612680952
3975,351677.014115873
3976,170983.657566667
3977,428841.705040285
3978,152416.9917
3979,229348.819444444
3980,197895.932657576
3981,175812.057933333
3982,414343.351088889
3983,1039507.68346667
3984,72324.6486333334
3985,277386.055733333
3986,685346.4435
3987,299170.8825
3988,233812.099842512
3989,398127.426966667
3990,83211.3011898914
3991,215412.673866667
3992,126976.308586625
3993,142985.576596392
3994,554924.101
3995,126967.503586625
3996,93895.8803904762
3997,90760.1513867623
3998,722051.158133333
3999,209964.889888889
4000,103036.478433333
4001,121760.098692674
4002,147083.528787302
4003,181882.738942857
4004,171166.069059296
4005,241383.851328571
4006,144072.791060317
4007,364576.167457143
4008,78451.2132111111
4009,316090.040133333
4010,638430.81642381
4011,199874.635211688
4012,371120.4085
4013,146502.872187446
4014,143682.772914896
4015,367908.317084127
4016,324973.366466667
4017,417007.244533333
4018,150280.915075758
4019,160638.293133333
4020,148006.3327
4021,115024.992847619
4022,405492.336533333
4023,328061.902384849
4024,304458.536533333
4025,189913.352177778
4026,100785.745533333
4027,267766.9311
4028,280305.0561
4029,176339.561014286
4030,40815.0606084249
4031,574659.915766667
4032,407442.67102381
4033,566742.0641886
4034,389765.772533333
4035,91345.3978095238
4036,280214.527603663
4037,88272.0912607843
4038,281038.034821247
4039,117363.116122222
4040,101789.7842
4041,217996.779433333
4042,112800.03002381
4043,168576.828766667
4044,1688580.08113333
4045,308286.141033333
4046,693917.724733333
4047,101835.639438095
4048,150116.654074603
4049,138750.374737535
4050,281348.18367619
4051,90928.7472587302
4052,214112.335733333
4053,465844.0894
4054,83129.5655190476
4055,282247.576233333
4056,217086.266397063
4057,720095.308566666
4058,379972.825633334
4059,272651.888266667
4060,190433.497166667
4061,291376.2814
4062,115541.364261905
4063,53899.2944333333
4064,109493.705071429
4065,165578.565133333
4066,655278.980585714
4067,174864.327552381
4068,368038.069666667
4069,209214.809233333
4070,560121.274723809
4071,154791.150266667
4072,453460.914633333
4073,393196.249366667
4074,587604.7899
4075,340889.674694872
4076,248927.020957143
4077,583339.500933333
4078,199098.466666667
4079,191696.51150404
4080,1318765.68513333
4081,307610.632203175
4082,263208.771408333
4083,300021.3421
4084,318151.326184848
4085,249297.873314976
4086,71758.4818671718
4087,788027.252633333
4088,175076.691128571
4089,523555.258642857
4090,276613.975128571
4091,354057.847466667
4092,122076.426588889
4093,267656.275234921
4094,282996.068033333
4095,314368.241234849
4096,77004.7203
4097,78495.2588928571
4098,271181.742633333
4099,200077.5664
4100,1417543.51105455
4101,169578.901462072
4102,545740.567442857
4103,1113265.46507143
4104,236116.0712
4105,109264.231933333
4106,120770.136072527
4107,466397.610181818
4108,714721.780981699
4109,126816.8014
4110,339897.340142857
4111,278646.926196154
4112,829904.480883334
4113,353776.166978697
4114,68838.3345148149
4115,247400.150798124
4116,146237.498533333
4117,976277.028933333
4118,52661.3753393939
4119,318854.1738
4120,1550664.39763333
4121,191098.358657143
4122,437526.044766667
4123,154168.084955411
4124,125666.886433333
4125,206373.542495238
4126,423045.971779365
4127,105159.702290476
4128,109845.033420147
4129,474693.864476191
4130,133679.951321245
4131,586307.003833333
4132,159625.879851724
4133,75273.8498190476
4134,672291.7283
4135,680979.304028571
4136,433801.755159884
4137,1978825.0745
4138,318915.056286447
4139,720826.711533333
4140,48480.6370740717
4141,408879.0473
4142,234000.150133333
4143,137019.250166667
4144,351173.0313
4145,203831.770333333
4146,294266.364966667
4147,143066.8573
4148,86517.9268333333
4149,306142.049166667
4150,560238.217466667
4151,210812.4329
4152,265478.472233333
4153,314779.400919048
4154,559524.483333334
4155,51638.9473948718
4156,442176.852219047
4157,165043.7967
4158,86833.5635984127
4159,136209.676372294
4160,325738.129066667
4161,233484.542266667
4162,604325.982433334
4163,294786.18284359
4164,695354.660047619
4165,278174.545287179
4166,101076.934385714
4167,512122.633788889
4168,63147.2203285715
4169,151062.363039682
4170,46468.0629571683
4171,89686.7374380952
4172,292894.509047619
4173,78777.6257757576
4174,219471.370566667
4175,241574.744338095
4176,200475.954089916
4177,124326.867433333
4178,231464.248744445
4179,145254.774170996
4180,900583.738766667
4181,212742.055859885
4182,336434.364404762
4183,144505.349833333
4184,725750.083433333
4185,398202.238584127
4186,104320.513221212
4187,573480.577514286
4188,367713.4777
4189,211255.564470208
4190,473631.129133333
4191,155774.895533333
4192,271518.635428571
4193,97420.374547619
4194,233510.579305594
4195,101708.612004762
4196,121667.499576191
4197,70424.7390920635
4198,128880.949933333
4199,808436.668690476
4200,353093.347533333
4201,136408.771
4202,202045.247771429
4203,382062.5656
4204,127043.8845
4205,377702.768433333
4206,119231.3282
4207,202960.968619048
4208,128027.147322222
4209,71544.5821
4210,45824.3212857143
4211,232149.545880952
4212,97210.6265666666
4213,209458.4225
4214,114466.862290476
4215,541052.367885714
4216,372169.893633333
4217,274021.975466667
4218,287613.655166667
4219,120915.036698268
4220,44251.6928666667
4221,329016.510966667
4222,255144.944
4223,489368.9843
4224,299671.159571429
4225,269550.130633333
4226,288516.680233333
4227,225951.718748352
4228,559402.349733333
4229,151672.708038095
4230,868463.1363
4231,305721.240407283
4232,129851.498771429
4233,300224.063560003
4234,100896.667939394
4235,130688.653657143
4236,418414.839133333
4237,174716.278320346
4238,183056.799628571
4239,288612.274738095
4240,61783.5707956044
4241,294448.445366667
4242,510198.172466667
4243,66334.4451222222
4244,133496.647548107
4245,219015.031133333
4246,225709.791222222
4247,190292.668185714
4248,178658.894409524
4249,132993.403
4250,93814.7051238095
4251,188453.6875
4252,594346.467833334
4253,147914.19291292
4254,272171.679722222
4255,292858.650032601
4256,257970.117133333
4257,179536.957733333
4258,78334.848247619
4259,296597.4703
4260,402535.7468
4261,225439.720876191
4262,501683.995404762
4263,106264.317590794
4264,631134.613633333
4265,78786.0305380952
4266,113308.625983333
4267,224031.739209524
4268,298886.721466667
4269,277173.334133333
4270,255155.242106349
4271,602434.201025641
4272,233506.991842857
4273,397994.1175
4274,362929.677164893
4275,141969.272150794
4276,186550.531766667
4277,568639.908
4278,371019.029056999
4279,277628.976533333
4280,63586.8937555556
4281,456812.135666667
4282,212205.551833333
4283,372507.194847619
4284,162654.089466667
4285,37191.8579020202
4286,181195.489480952
4287,103155.283052381
4288,629345.024709524
4289,218810.518044444
4290,275316.143377778
4291,309463.6444
4292,304241.085871428
4293,1480621.0142
4294,416624.028434921
4295,109545.644666667
4296,178116.81008612
4297,436811.956533333
4298,255112.192966667
4299,132522.078280154
4300,421446.638166667
4301,277101.359866667
4302,211481.052174603
4303,97364.7177666667
4304,429882.253766667
4305,208938.594555556
4306,250290.162466667
4307,642460.063311111
4308,249229.406522222
4309,87612.7005
4310,363021.5408
4311,466475.3656
4312,255550.7392
4313,143532.879288889
4314,211613.611855556
4315,281201.212066667
4316,1714346.35403333
4317,117168.131366667
4318,296028.851333333
4319,57594.4944666667
4320,79777.9393952381
4321,147054.361833333
4322,175590.749533333
4323,754784.808112698
4324,240610.112876191
4325,858159.110361905
4326,712313.284366667
4327,104254.901366667
4328,139214.089781818
4329,128805.328688609
4330,154593.063866667
4331,357014.955883333
4332,76072.5176570631
4333,70206.3710365079
4334,334217.320833333
4335,211533.729745788
4336,926658.602133334
4337,280820.073533333
4338,122910.763366667
4339,572826.512865812
4340,92296.9712666667
4341,210956.2853
4342,679123.522333333
4343,43143.1017237586
4344,357674.560329535
4345,215116.413533333
4346,204956.724566667
4347,261227.417433333
4348,150460.8782
4349,399177.820933333
4350,387859.966209091
4351,263490.310315385
4352,890017.51129394
4353,638056.073006061
4354,153398.281269889
4355,187747.293150794
4356,233204.053257983
4357,266078.737033333
4358,216294.329445455
4359,87870.4764333334
4360,241130.375166667
4361,262352.505027778
4362,329479.510976923
4363,81741.1242790476
4364,312585.263319048
4365,398902.826461905
4366,295104.6214
4367,182876.6845
4368,110558.315487879
4369,524401.977380952
4370,396003.39681604
4371,256804.616733333
4372,136341.0039
4373,403060.9283
4374,347204.044280087
4375,497673.0167
4376,259238.25247507
4377,1092564.82026667
4378,178571.162176923
4379,1251410.98132698
4380,204769.0571
4381,77440.8437128371
4382,323039.204466667
4383,75086.7978666667
4384,226312.713142857
4385,354866.4628
4386,72995.1943809524
4387,373562.63225873
4388,190252.850433333
4389,94136.3752315019
4390,111469.980566667
4391,113985.323919048
4392,325945.967749123
4393,275876.401133333
4394,34215.5609666667
4395,388740.747285714
4396,201786.340457143
4397,176069.917228571
4398,180248.859752381
4399,1063701.28556667
4400,68917.9589
4401,167652.99169697
4402,330941.558833333
4403,172268.659659064
4404,452852.3912
4405,207225.764354762
4406,532008.568071429
4407,1041349.8167
4408,806099.303742857
4409,228049.468233333
4410,70899.9419399572
4411,112375.5635
4412,296497.743266667
4413,56828.3695990582
4414,98159.1665761905
4415,236410.340819048
4416,97842.1863333333
4417,240342.655390476
4418,127648.315757143
4419,239598.613533333
4420,138788.479066667
4421,94862.6166194139
4422,139921.860931078
4423,36474.6082333333
4424,228813.740988235
4425,681034.843666667
4426,260381.5416
4427,191207.156033333
4428,474605.919766667
4429,281256.01228153
4430,577090.5565
4431,249042.239033333
4432,303706.869047619
4433,716377.277728571
4434,279409.924754902
4435,149746.7486
4436,357800.6231
4437,180707.693720635
4438,81255.8985666666
4439,184071.009528139
4440,670506.2241
4441,280562.5048
4442,150036.354887157
4443,362133.172574098
4444,247719.8079
4445,247008.643846753
4446,194816.588780952
4447,251688.149
4448,259172.064276923
4449,205011.067816667
4450,222613.0012
4451,115044.525489866
4452,84137.8134912698
4453,483626.184366666
4454,210485.784333333
4455,1774798.10293333
4456,388463.926933333
4457,609985.880466667
4458,185834.43483254
4459,794875.1254
4460,362636.698988489
4461,1082713.3064
4462,473588.7903
4463,326022.4396
4464,418616.515577778
4465,212996.401196078
4466,239922.902
4467,83832.8739761905
4468,514866.933248629
4469,119878.387712121
4470,224627.72595
4471,1647339.5153
4472,330623.8936
4473,297296.64505873
4474,993087.5248
4475,269829.177633333
4476,162953.317088312
4477,48273.0252
4478,203066.447980952
4479,334128.623066667
4480,93836.2130444445
4481,221483.305828571
4482,290798.634733333
4483,176103.255219048
4484,832383.279133333
4485,496576.899357143
4486,219032.3149
4487,421792.442433333
4488,224961.163466667
4489,158529.496044048
4490,331539.130633333
4491,330391.0979
4492,239516.470466667
4493,190917.296433333
4494,270861.222066667
4495,496950.793217949
4496,274379.040566667
4497,295650.753866667
4498,194007.6287
4499,435727.705877778
4500,282254.829754206
4501,262655.920444445
4502,919206.493399999
4503,902302.124633334
4504,224363.946479487
4505,220532.565684127
4506,665462.940666666
4507,182270.689333333
4508,271758.23564359
4509,169488.180812121
4510,94170.5626047619
4511,194835.495638095
4512,688165.246033334
4513,754418.595433334
4514,1702222.2097
4515,202741.249855556
4516,46984.575780112
4517,138945.067547619
4518,139206.229985714
4519,241252.245633333
4520,291172.443288889
4521,130889.662633333
4522,65493.4658746032
4523,367172.485845599
4524,374706.322336508
4525,68100.5326949875
4526,42599.2389215041
4527,262520.711133333
4528,90135.7095142858
4529,841487.658361111
4530,506056.250209524
4531,154372.585666667
4532,287531.816311111
4533,297827.068554902
4534,588104.812033333
4535,305727.183333333
4536,448942.1537
4537,385039.230828571
4538,226112.871887446
4539,617791.523733333
4540,378652.434749206
4541,295069.8874
4542,277922.934298529
4543,294294.116874026
4544,184379.479388889
4545,368278.170788889
4546,616346.923266667
4547,209644.326285714
4548,353344.166846154
4549,250218.947357143
4550,169738.386055556
4551,139928.428253968
4552,382111.40565154
4553,380909.059766667
4554,459412.858161538
4555,440899.172670588
4556,324821.521042857
4557,889375.278366667
4558,671190.996133333
4559,138774.453052381
4560,857052.446933334
4561,181549.352952381
4562,343535.184983333
4563,161274.250478788
4564,251594.974352381
4565,186386.518478788
4566,366028.848777778
4567,281022.847766667
4568,179272.477166667
4569,735047.863533333
4570,172028.66962381
4571,118941.051833333
4572,88182.7130714286
4573,65225.6504666667
4574,966102.226214285
4575,461824.667361294
4576,508190.469442857
4577,331613.462266667
4578,240252.77347619
4579,481166.521824243
4580,202431.535958621
4581,906404.646860606
4582,484944.325233333
4583,192847.866752381
4584,129543.855229942
4585,186781.9322
4586,254680.847131746
4587,116448.189285714
4588,222338.717666667
4589,147524.110334034
4590,321881.684451226
4591,206324.319963004
4592,181571.381280952
4593,173232.49437619
4594,222880.661796359
4595,365679.819266667
4596,108466.119049206
4597,512556.197
4598,451503.654366667
4599,264258.2934
4600,248809.643333333
4601,42888.6468708514
4602,71858.1267058177
4603,68617.6942595238
4604,74574.4029157509
4605,188494.724507359
4606,92800.3847571428
4607,341888.185
4608,314898.498571429
4609,711639.653966666
4610,393357.159933333
4611,311981.9482
4612,123618.426657143
4613,400178.270461905
4614,999720.0041
4615,303301.242666667
4616,203817.4995
4617,98310.4704999999
4618,494083.533185714
4619,198434.184090476
4620,35975.292952381
4621,257426.475520635
4622,529276.194266667
4623,81474.5053269842
4624,291249.9628
4625,262809.348133333
4626,935557.493377778
4627,384339.284544445
4628,90450.8586
4629,367149.1033
4630,162436.058144444
4631,133044.565390703
4632,153409.610676191
4633,302068.223452381
4634,250875.116133333
4635,159232.288133333
4636,193383.176914286
4637,52543.6995346578
4638,438668.249890476
4639,1790023.20453333
4640,90727.1414190476
4641,321456.1834
4642,1438968.60673333
4643,633246.9393
4644,351178.596552381
4645,285738.188133333
4646,439464.56447619
4647,234793.285028571
4648,759703.208033333
4649,104402.727419048
4650,281873.676133333
4651,127588.929465945
4652,602693.842044445
4653,725166.287133333
4654,480800.309812698
4655,451885.933804762
4656,890677.1466
4657,165544.814566667
4658,313991.237169841
4659,1143495.42503333
4660,327654.628266667
4661,106145.65438961
4662,303111.183566667
4663,320374.536220779
4664,445879.035106349
4665,223309.287209524
4666,239063.667773809
4667,425464.424965079
4668,417104.108544444
4669,369932.564409524
4670,236034.370177289
4671,100177.816861905
4672,91845.6398761905
4673,165313.692404762
4674,217014.773195129
4675,167268.349561905
4676,282220.395534921
4677,790515.304533333
4678,324489.952966667
4679,338044.125866667
4680,87449.3685666667
4681,254888.767428571
4682,134405.40382381
4683,251363.573
4684,164703.591109524
4685,222580.326414286
4686,556006.556366667
4687,324050.499271429
4688,512401.015666667
4689,815089.088019048
4690,221840.558033333
4691,440069.4952
4692,232393.775271429
4693,373306.243685714
4694,278303.767466667
4695,215480.386355556
4696,165727.210333333
4697,355305.7123
4698,154197.601092616
4699,235704.635733333
4700,154033.942006349
4701,497376.862133333
4702,258498.867333333
4703,302100.364
4704,758619.247
4705,175275.247949131
4706,178400.669888889
4707,282243.607843434
4708,400315.872
4709,387060.165119048
4710,423334.647966667
4711,687610.853485714
4712,399146.238466667
4713,425801.5356
4714,302994.525036363
4715,185818.8487
4716,240720.946530769
4717,261371.704871429
4718,941943.274266667
4719,50855.8367666666
4720,283576.079235897
4721,469387.114733333
4722,966157.251933334
4723,147997.6083
4724,478962.199033333
4725,125064.691735801
4726,278916.778682627
4727,342537.86141746
4728,140054.008066667
4729,208834.380401709
4730,222403.5978
4731,192106.719680952
4732,190832.1815
4733,145825.301184848
4734,1043288.2681
4735,280026.327747619
4736,240581.052366667
4737,78451.1503
4738,272815.486180952
4739,158584.56623653
4740,287238.468085714
4741,253375.227733333
4742,32685.4547333333
4743,151342.212811111
4744,134955.297133333
4745,33977.3119352981
4746,77951.4764190476
4747,401573.904157143
4748,76212.1902
4749,96122.9569721001
4750,699164.6797
4751,206711.006971429
4752,285395.999133333
4753,160117.7708
4754,463750.898647838
4755,51143.0551666667
4756,302525.082922222
4757,165077.120114286
4758,221044.814533333
4759,376791.410166667
4760,88728.5632095127
4761,390852.876080952
4762,93615.4841
4763,147533.481366667
4764,148852.711833333
4765,479507.8692
4766,140766.376096296
4767,207990.664453968
4768,117573.272666667
4769,294984.032088889
4770,412357.837742857
4771,366871.156166667
4772,143271.599277489
4773,346877.749766667
4774,212216.211
4775,50562.0245912088
4776,303885.691433333
4777,219301.097790476
4778,50494.1775761905
4779,685899.823866666
4780,68915.5638333333
4781,256651.449466667
4782,178256.58799697
4783,251274.7588
4784,402516.764671428
4785,332792.34
4786,521242.237222222
4787,1114116.29226667
4788,446285.5057
4789,193378.838433333
4790,94247.0637555556
4791,406565.694133333
4792,227313.485291954
4793,346778.897866667
4794,197156.879612698
4795,166467.475076923
4796,257366.2661
4797,99582.3732833334
4798,499094.613933333
4799,270387.47572231
4800,472143.214633333
4801,166064.571746703
4802,191733.105077778
4803,269732.819461905
4804,190819.745023809
4805,839408.420947619
4806,743705.1939
4807,91803.1341888889
4808,243392.458971429
4809,113986.903537729
4810,477309.862309524
4811,183878.157866667
4812,249793.454566667
4813,46868.4639666667
4814,90289.5993571429
4815,275621.024266667
4816,432327.571033333
4817,224771.694730303
4818,319972.023411111
4819,100625.260772161
4820,156139.129289819
4821,349657.171393651
4822,162875.540923529
4823,48556.1465
4824,80726.0006035087
4825,934443.393533333
4826,534515.315295238
4827,211216.554969353
4828,133469.370233333
4829,237052.073066667
4830,111755.557892064
4831,88160.7388769231
4832,152834.154280952
4833,550480.881566667
4834,90641.1771619048
4835,48382.3825119048
4836,100426.960666667
4837,521727.643533333
4838,347545.815366667
4839,192027.9461
4840,238382.879485714
4841,67767.5098000001
4842,239359.6126
4843,107618.576266667
4844,415527.8485
4845,374005.004480952
4846,88995.5786
4847,253397.605253846
4848,1118493.72851905
4849,882456.619266667
4850,218948.931133333
4851,189519.1177
4852,83885.5413015873
4853,32522.7258185481
4854,166022.789591775
4855,109352.264233333
4856,178200.428438095
4857,263097.276310256
4858,421178.599633333
4859,231168.634066667
4860,117382.399333333
4861,159525.597190476
4862,220153.053847619
4863,223197.371533333
4864,201761.274411111
4865,352490.446333333
4866,398536.364995985
4867,386792.471
4868,598537.4424
4869,299086.34857619
4870,243332.230666667
4871,226470.170806926
4872,115769.572566667
4873,222509.837035016
4874,350456.049509524
4875,741587.119768254
4876,236931.759435209
4877,200897.981307215
4878,169849.6366
4879,202482.019758425
4880,803556.245766666
4881,707463.596466667
4882,163357.923
4883,386029.688766667
4884,358603.714866667
4885,267230.338866667
4886,208084.8092
4887,180816.02429697
4888,540211.277366667
4889,43442.7298702703
4890,271561.270033333
4891,122753.936466667
4892,127785.88015974
4893,97773.3422105263
4894,648907.427033333
4895,283448.911838095
4896,175347.8057
4897,217031.084114286
4898,185520.925933333
4899,334133.626
4900,205284.502552814
4901,308705.813480952
4902,150467.00834733
4903,108471.988671429
4904,58981.2496688645
4905,91053.2115444444
4906,282464.658833333
4907,165132.424285714
4908,767692.197666667
4909,117527.851069048
4910,138789.172309957
4911,363334.291304762
4912,72377.2768380953
4913,93777.4918
4914,99190.789474026
4915,898786.046733333
4916,777821.945866667
4917,258007.22692549
4918,205870.616366667
4919,317537.00317619
4920,261738.3363
4921,1583767.13676667
4922,107770.509811111
4923,321331.180530703
4924,297862.796602381
4925,56618.3120760073
4926,569686.761215873
4927,292072.678004762
4928,25614.4265857143
4929,618415.423317949
4930,64814.243
4931,90504.5132884615
4932,294654.235397436
4933,156833.726480952
4934,210545.247966667
4935,605399.636633333
4936,358827.910566667
4937,168588.606171429
4938,681852.497266666
4939,163079.100761905
4940,503858.368038095
4941,46442.7910816739
4942,534737.832266667
4943,140777.974228571
4944,119050.689031078
4945,208296.168133333
4946,127514.221458608
4947,569587.411594872
4948,879797.542449206
4949,953319.278933333
4950,752927.867166667
4951,238170.507833333
4952,2109698.77943333
4953,155059.511920391
4954,328183.691114286
4955,710224.138133333
4956,204050.92174359
4957,544647.831242857
4958,243074.806166667
4959,53874.5831546551
4960,217562.736643434
4961,235060.188166667
4962,170908.434422222
4963,314825.511066667
4964,115644.679719048
4965,286337.0041
4966,116167.332255556
4967,191565.6102
4968,184754.11605873
4969,345633.091152381
4970,278256.825459307
4971,191153.959080296
4972,174238.550261905
4973,662637.509333333
4974,967773.901033333
4975,1486799.97773333
4976,1225187.62022222
4977,183825.5558
4978,159535.521066667
4979,102269.609124936
4980,136650.7962
4981,375452.423033333
4982,214727.735333368
4983,71744.6341395604
4984,97695.2004474036
4985,103225.814366667
4986,178984.846834921
4987,92756.0609666667
4988,236159.875733333
4989,186253.207911877
4990,218254.528874026
4991,386904.162366667
4992,122673.620938095
4993,91038.0313
4994,136090.648046753
4995,966423.026233333
4996,149461.764919048
4997,236110.031833333
4998,311085.004876191
4999,194099.636952381
5000,210362.907466667
5001,352084.156528572
5002,125930.325811111
5003,319032.640233333
5004,99129.7831714286
5005,1159970.99897619
5006,326130.3732
5007,59416.7747
5008,191966.287872922
5009,293310.65230303
5010,237991.2913
5011,227919.340863725
5012,205567.574414286
5013,357447.295611111
5014,602272.738333333
5015,134905.704666667
5016,159726.8572
5017,959434.496585281
5018,303256.166380952
5019,72185.0619386244
5020,81325.8045439393
5021,432055.8253
5022,591778.721288889
5023,358077.691104762
5024,566096.4078
5025,295990.223528571
5026,164091.034500552
5027,508572.629395238
5028,807969.132298413
5029,240255.27252381
5030,163246.544466667
5031,319111.701905694
5032,209248.341920635
5033,398579.014444445
5034,129768.469594872
5035,253318.583966667
5036,123907.416333333
5037,334634.406483333
5038,274423.126912277
5039,220867.8102
5040,542972.6401
5041,345120.936742857
5042,310447.111942857
5043,205949.925223809
5044,164226.487271429
5045,191199.446642857
5046,109314.462
5047,100883.176066667
5048,266637.270842857
5049,234145.365649206
5050,188789.575131915
5051,192331.857598472
5052,378305.176255844
5053,197253.284233333
5054,249692.843578446
5055,368114.009704365
5056,547515.0338
5057,531629.675533333
5058,244661.0472
5059,93581.2433190476
5060,327066.212995238
5061,158905.306057143
5062,81255.0281222222
5063,346404.091933333
5064,57234.1605800546
5065,134533.200647619
5066,743790.055633333
5067,263228.458429304
5068,507368.116787013
5069,248164.969276191
5070,74982.4590444444
5071,3017483.9021
5072,595703.448901587
5073,147942.734078788
5074,105486.016592063
5075,188827.132903896
5076,375338.082066667
5077,233689.12518865
5078,326311.175166667
5079,197636.787032323
5080,96947.7981547619
5081,269398.546966667
5082,191689.898592063
5083,267989.261162338
5084,215931.782680952
5085,237626.040085714
5086,1812660.04216667
5087,449689.734633333
5088,137883.176186383
5089,211768.31689899
5090,291668.024906349
5091,183241.898678965
5092,458506.047562338
5093,535383.966574603
5094,215483.725899856
5095,178771.142933333
5096,356098.358584849
5097,116123.225056044
5098,446207.452590476
5099,466411.4841
5100,330128.404258333
5101,205703.133266667
5102,327579.014234066
5103,257924.8433
5104,211817.359312698
5105,217722.534955556
5106,82715.7192589744
5107,323054.282266667
5108,476456.151666667
5109,157298.065736508
5110,270453.813078788
5111,400128.661633333
5112,345320.463652381
5113,351284.99141415
5114,335718.8631
5115,140245.939904762
5116,446310.080109524
5117,347944.461071429
5118,280914.361223809
5119,280420.067939683
5120,392525.016266667
5121,208396.587257143
5122,71794.936
5123,295205.526266667
5124,248942.1831
5125,144222.655146649
5126,161397.695218182
5127,177019.019533045
5128,18526.6997232493
5129,117758.817771429
5130,364268.604366667
5131,168599.993805983
5132,616980.293866666
5133,943714.3743
5134,172048.269388889
5135,56823.5126711779
5136,313284.469561905
5137,284439.554933333
5138,93663.3917345229
5139,55032.528621267
5140,522575.920086813
5141,445970.086866667
5142,260517.647116667
5143,359104.990966667
5144,706741.998
5145,636067.4597
5146,215908.594082946
5147,206823.075680952
5148,536307.232944445
5149,473085.114
5150,122700.811880952
5151,760405.841619048
5152,415372.828043146
5153,226162.464542857
5154,394993.045366667
5155,136709.634957143
5156,550213.225323809
5157,277168.555333333
5158,260255.50803723
5159,661261.907666667
5160,161709.112866667
5161,90966.7894142857
5162,114260.6361
5163,301308.574853846
5164,278718.254666667
5165,187945.333046032
5166,331294.483516728
5167,212399.143066667
5168,93850.065181746
5169,142862.266951782
5170,302989.665666667
5171,91967.6180765873
5172,108867.549233333
5173,142688.844585226
5174,415162.762233333
5175,424905.463033333
5176,35298.6892571429
5177,121235.123553247
5178,87860.8480812865
5179,402880.399723809
5180,185674.148
5181,224215.549833333
5182,141596.439766667
5183,35563.3735881922
5184,139178.64425
5185,893144.932741559
5186,267880.732595238
5187,389943.0688
5188,173188.639961905
5189,133424.680166667
5190,295326.9086
5191,106915.835433333
5192,284491.328980952
5193,75985.5448714286
5194,607086.687
5195,159906.21434127
5196,405175.631133333
5197,77145.9371
5198,437884.307966667
5199,713656.850433333
5200,186901.630225803
5201,527160.908822222
5202,127137.518547403
5203,114973.177161905
5204,64611.5640809524
5205,282807.909211111
5206,349919.114533333
5207,253768.608266667
5208,716147.9087
5209,221478.191733333
5210,285471.135854546
5211,164625.337333333
5212,533633.778871429
5213,197895.379352958
5214,222592.994481818
5215,259086.280029242
5216,360561.041666667
5217,384382.704319048
5218,364742.366938095
5219,807522.610933333
5220,351075.476680952
5221,434309.501257143
5222,243460.618471429
5223,110437.222979365
5224,621116.5007
5225,582239.240133333
5226,211657.362082828
5227,2082244.15393333
5228,282230.991271795
5229,130034.183314103
5230,914022.51842381
5231,291247.978011111
5232,288510.040852814
5233,328707.472066667
5234,575494.918733333
5235,458467.4516
5236,314971.542450794
5237,102265.511785714
5238,177486.075788645
5239,91304.313
5240,210281.137323809
5241,281491.591090476
5242,295935.368104762
5243,200155.004033333
5244,391653.9808
5245,174765.820566667
5246,74373.9395380952
5247,52787.0898
5248,665928.035933333
5249,148220.404155556
5250,467736.860023809
5251,223461.367766667
5252,135245.569833333
5253,370393.5826
5254,329733.962738095
5255,177875.117833333
5256,92693.5282170274
5257,383478.424766667
5258,199118.421414286
5259,299870.430877778
5260,229143.758396825
5261,275738.517166667
5262,347996.314433333
5263,940420.0325
5264,361759.186366667
5265,53112.3925619048
5266,138723.962828205
5267,85312.2139396825
5268,100503.439988889
5269,186474.019119048
5270,82744.4839285714
5271,193193.100425397
5272,1916870.5288
5273,323213.909633333
5274,98152.8650666667
5275,2064652.0191381
5276,1031677.99466667
5277,201126.765825541
5278,338890.005866667
5279,336051.071766667
5280,137280.062826984
5281,114325.341966667
5282,156262.011752381
5283,93905.1926904762
5284,238813.120366667
5285,317281.623498168
5286,303848.958619048
5287,136059.801533333
5288,568161.573
5289,255816.5777
5290,281594.332850794
5291,61270.6794571429
5292,1718466.97406667
5293,102917.082466667
5294,165578.3087
5295,157162.994685714
5296,74007.4814843137
5297,543331.4228
5298,119109.8147
5299,69523.286952381
5300,294611.3338
5301,241511.217603175
5302,346876.240280952
5303,227222.470696742
5304,182945.055496168
5305,167482.10927193
5306,386447.712
5307,547419.236833333
5308,362490.4106
5309,102492.661534488
5310,832266.971366667
5311,365920.245733333
5312,60573.0821333333
5313,247524.779333333
5314,186694.802954546
5315,372622.9741
5316,45092.697745614
5317,226364.2839
5318,230936.656966667
5319,228375.052
5320,394484.181933333
5321,112405.57844359
5322,89285.3155282051
5323,344659.436133333
5324,384694.408809524
5325,804169.816166667
5326,239664.745896337
5327,605477.884666667
5328,1321920.8926
5329,52128.1881
5330,174967.342219048
5331,938642.313466666
5332,124962.356774387
5333,413722.849432468
5334,304675.9352
5335,60542.6631
5336,56046.3075
5337,115285.901388889
5338,347436.087866667
5339,381446.559947619
5340,284627.307685714
5341,165756.166395238
5342,134482.574496825
5343,72018.2771588745
5344,220019.007491954
5345,2149305.59486667
5346,200858.008033333
5347,297664.603811111
5348,343553.175942857
5349,81441.692447619
5350,191006.411195238
5351,162506.864147619
5352,80129.8989363339
5353,143862.203133333
5354,183072.222169841
5355,365236.719688889
5356,42907.8135666666
5357,239873.98521282
5358,118387.032984656
5359,299213.1918
5360,43521.7379126984
5361,264686.571461905
5362,268009.679333333
5363,157733.181733333
5364,162154.7003
5365,105041.313944444
5366,228027.401433333
5367,81093.6681380952
5368,626747.3346
5369,458232.4022
5370,435845.553409402
5371,271153.040866667
5372,89558.6816428572
5373,192576.900242862
5374,121507.970951282
5375,216456.5161
5376,144457.239338095
5377,178363.930098413
5378,285212.586085714
5379,128913.574198501
5380,352471.8377
5381,367171.8388
5382,412320.157
5383,250983.162033333
5384,293445.028066667
5385,269140.2162
5386,316483.8757
5387,253229.520537662
5388,214835.310466667
5389,101259.675310623
5390,196922.435478788
5391,121606.623814286
5392,448245.8737
5393,1439826.41126667
5394,228705.2789
5395,214444.933168254
5396,430553.136648485
5397,350866.08412619
5398,641226.170166667
5399,247688.762
5400,170887.929690476
5401,309809.356666667
5402,84708.3238444445
5403,170437.339666667
5404,530143.248461905
5405,168975.024130159
5406,402664.547071795
5407,165942.890533333
5408,154536.593103361
5409,178409.295088889
5410,224288.262328205
5411,785180.631533333
5412,316047.281061905
5413,366723.2335
5414,124429.365333333
5415,378969.675066667
5416,289446.387012698
5417,234655.194903175
5418,34630.9170854205
5419,366033.568033333
5420,308833.5593
5421,278476.948419048
5422,199906.374662745
5423,130370.073428571
5424,200582.046717749
5425,78025.0030333334
5426,80514.3382619048
5427,231229.546961905
5428,345284.952661905
5429,145765.966128571
5430,551526.015233333
5431,1168172.41898462
5432,116005.179966667
5433,63389.2017901099
5434,383745.794
5435,177927.691898235
5436,140308.553419769
5437,200468.883692953
5438,220940.464888889
5439,177947.141528571
5440,82863.0321551588
5441,342161.549688889
5442,1371203.77823333
5443,255669.405694872
5444,809345.730085714
5445,452427.245740693
5446,552764.667357143
5447,1094517.41766667
5448,323407.8869
5449,245830.8567
5450,572004.407644445
5451,470420.779
5452,287659.07405873
5453,631601.124633334
5454,401704.888133333
5455,1681558.82986667
5456,88314.2218888889
5457,195216.4283
5458,77045.6195923077
5459,227475.619152958
5460,393921.357238095
5461,355303.9084
5462,537512.623990476
5463,1195203.20785714
5464,64335.7473583333
5465,912482.303333333
5466,380611.7396
5467,226154.005286905
5468,1144408.96456667
5469,145973.426624242
5470,158557.06042381
5471,130568.303811722
5472,1044313.92796667
5473,396671.363733333
5474,648176.321066667
5475,104729.814308725
5476,200992.77819011
5477,272197.291248485
5478,202333.804380952
5479,219935.231966667
5480,498238.2863
5481,211265.346104762
5482,331977.778167399
5483,209949.564909524
5484,579180.122457143
5485,299292.048207937
5486,227172.915011422
5487,125757.208096825
5488,297458.53522381
5489,265679.9983
5490,203317.010818182
5491,256330.703433333
5492,181490.608333333
5493,437691.630066667
5494,503620.4589
5495,157824.6002
5496,2335423.54096667
5497,109071.640966667
5498,193707.001369841
5499,209369.259535112
5500,676152.337908683
5501,196107.425231169
5502,87805.6520904762
5503,367792.9731
5504,180810.4321
5505,91112.7214666666
5506,386939.982373016
5507,81606.328584127
5508,135532.627749206
5509,215534.116107937
5510,200567.853371429
5511,1600793.75295931
5512,80570.4892848485
5513,129058.237766667
5514,198741.357438095
5515,256247.045204762
5516,221333.839357143
5517,546660.836666667
5518,65812.7528935293
5519,222904.957188889
5520,131359.513966667
5521,294183.9585
5522,253661.0368
5523,594113.204533333
5524,58605.0367298535
5525,260897.902014379
5526,291449.533533333
5527,84454.0334333334
5528,323717.145066667
5529,235435.040433333
5530,296770.674447619
5531,88829.3629653937
5532,46162.4504523809
5533,208516.287272906
5534,258342.347266667
5535,1645750.9952
5536,305781.73708254
5537,457519.014033333
5538,186277.798718182
5539,250770.7868
5540,372278.278466667
5541,526514.655805128
5542,397712.634566667
5543,177913.862597744
5544,359221.463147619
5545,1006446.16476667
5546,450535.974433333
5547,246187.96859697
5548,689413.719
5549,1437960.2141
5550,296861.884833333
5551,220177.419666667
5552,100380.360190476
5553,404642.041966667
5554,320406.840266667
5555,201678.187028571
5556,487930.584880628
5557,100453.090452381
5558,425323.9371
5559,219211.301576168
5560,112729.78655348
5561,169207.941568398
5562,774121.732955555
5563,730790.797676191
5564,184524.330709524
5565,72184.8189333334
5566,326736.8584
5567,144472.701766667
5568,266394.381783333
5569,307615.894333333
5570,213658.751566667
5571,72050.3727738095
5572,40516.89655
5573,166641.469080952
5574,84230.5443333333
5575,252416.307157143
5576,357181.882832493
5577,222867.424330626
5578,778746.295766667
5579,243782.851193939
5580,204209.595485714
5581,43678.1608857143
5582,872865.875603922
5583,395447.3059
5584,292177.3317
5585,168667.427419048
5586,150346.902466667
5587,259456.790053846
5588,116361.252572222
5589,277637.206624131
5590,198623.938947619
5591,731940.430166666
5592,286958.3369
5593,457748.5996
5594,29620.9205301587
5595,49971.9238
5596,422077.411557143
5597,192774.57612381
5598,378811.353100376
5599,193672.542630952
5600,273537.848988889
5601,303816.1408
5602,228049.868733333
5603,82140.367200747
5604,365788.113898413
5605,302264.076152381
5606,65891.7647435898
5607,324594.424063636
5608,291674.16602381
5609,217834.79704359
5610,171062.614161905
5611,192899.950252381
5612,113420.143081746
5613,389624.299066667
5614,371575.649079509
5615,337927.954066667
5616,330710.414733333
5617,296756.221274603
5618,286236.260263636
5619,154306.072866667
5620,722605.817933333
5621,203106.330509524
5622,338034.380666667
5623,218915.740777922
5624,166049.584921509
5625,143219.975468831
5626,238275.220234921
5627,248020.036016563
5628,221818.280622222
5629,1423496.12886667
5630,133000.7776
5631,152206.816690842
5632,588551.720319047
5633,196208.554644335
5634,307641.869190476
5635,616459.261866667
5636,75648.8340041667
5637,446743.397
5638,117635.830488095
5639,529200.388352381
5640,223871.998933333
5641,252298.813366667
5642,155980.292166667
5643,179681.932695238
5644,477085.24837619
5645,216316.775388889
5646,141049.42697451
5647,220928.2046
5648,711122.4064
5649,349741.760963492
5650,144100.996095238
5651,379683.439932234
5652,694137.836583333
5653,612048.570133333
5654,415340.253833333
5655,1225327.4948
5656,248676.113120513
5657,75665.9963056277
5658,54407.8318359708
5659,206958.913723529
5660,225221.025093939
5661,302335.826495238
5662,110269.292339194
5663,101906.654688889
5664,386079.682833333
5665,96479.8226
5666,69140.5594264069
5667,136026.969890476
5668,141797.3953
5669,219800.067758333
5670,252412.866433333
5671,324007.5549
5672,144917.688466667
5673,317700.469966667
5674,515977.215595238
5675,153326.450166667
5676,317992.786094139
5677,235862.988566667
5678,179912.181233333
5679,578373.922833333
5680,844836.740366667
5681,390303.618933333
5682,171443.335588889
5683,439706.970980952
5684,193052.698350794
5685,662462.4551
5686,214782.730662338
5687,71925.3321345238
5688,153256.00087619
5689,1144331.70911905
5690,239007.441433333
5691,228624.328666667
5692,53578.1646468255
5693,205263.9186
5694,537466.3936
5695,195470.329122222
5696,521720.199
5697,144785.863966667
5698,682725.3711
5699,830388.940233334
5700,58167.2370481482
5701,252422.126328571
5702,104870.622261905
5703,613427.901242857
5704,41775.4806630252
5705,60772.6654619048
5706,512981.465333333
5707,224581.215866667
5708,238370.3631
5709,121392.75134846
5710,306791.6841
5711,393639.735666667
5712,142241.9458
5713,215237.03627619
5714,400120.7196
5715,196644.664197436
5716,139771.778892064
5717,258838.307880086
5718,506750.1364
5719,107789.489975397
5720,124681.956133333
5721,323172.488719048
5722,581361.086857143
5723,60912.0803
5724,460727.6226
5725,568799.4676
5726,415716.0305
5727,228449.150251282
5728,337112.839466278
5729,439288.628158009
5730,323164.00911039
5731,487040.786206061
5732,714258.769533334
5733,340335.644433333
5734,217847.871595238
5735,736280.0762
5736,943344.706733333
5737,222209.106290476
5738,33562.0806214286
5739,460897.822290476
5740,671630.173442857
5741,715000.241966667
5742,481925.484207937
5743,44983.5602333333
5744,131309.2553
5745,794652.578552381
5746,519634.310066667
5747,276481.814984615
5748,237959.037861472
5749,164355.8053
5750,205783.80384127
5751,345398.5039
5752,72291.9828481481
5753,357820.53297619
5754,96332.6622523809
5755,665179.1487
5756,93740.4709217948
5757,222720.009066667
5758,346522.3359
5759,223552.533066667
5760,186531.517259649
5761,140119.730314082
5762,198501.240589744
5763,281696.5026
5764,265155.012777778
5765,521494.516866667
5766,231810.689480952
5767,578870.6739
5768,212744.299444444
5769,407268.212428205
5770,189602.3381
5771,88802.4257809524
5772,440430.483533333
5773,597773.172
5774,294074.6829
5775,125629.947682761
5776,157173.441
5777,280704.602743723
5778,131442.427733333
5779,67655.3081102564
5780,183011.882053189
5781,189800.3958
5782,869505.731866667
5783,243324.458436364
5784,569837.689488889
5785,305178.8054
5786,111850.437088889
5787,276443.120509524
5788,412834.8323
5789,179182.178866667
5790,277880.411923077
5791,537834.815377778
5792,506476.267498413
5793,161250.787711111
5794,270760.733566667
5795,110601.923611111
5796,249902.858833333
5797,378893.3708
5798,331029.433233333
5799,255453.100533333
5800,116545.191743956
5801,259494.18382967
5802,119444.485592635
5803,54119.4029666667
5804,600618.668066666
5805,418618.255833333
5806,404366.013633333
5807,196454.774299714
5808,390851.548633333
5809,504308.601366667
5810,82576.9525825397
5811,77070.4214161905
5812,632155.175250794
5813,323869.442222944
5814,260156.468342857
5815,42076.2363
5816,98165.0832666666
5817,175949.497733333
5818,295411.4649
5819,54895.6083380952
5820,198524.319017216
5821,294139.885651282
5822,210575.021695238
5823,245174.802823726
5824,37386.5159632035
5825,278155.466433333
5826,98644.4991
5827,229746.291234921
5828,83966.4595549487
5829,416123.594272727
5830,68899.9331666667
5831,1195796.9034
5832,265514.306871429
5833,189742.844838095
5834,294369.856927273
5835,288846.628333333
5836,763234.299738095
5837,360155.006390476
5838,363503.372266667
5839,381355.157440285
5840,429565.550849695
5841,305167.160105983
5842,660040.140523809
5843,393281.668057143
5844,209487.290319048
5845,249395.814638095
5846,164392.760833333
5847,124590.305414286
5848,564699.848866667
5849,489022.827404762
5850,275656.020243791
5851,237376.784730827
5852,239857.595833333
5853,406646.0566
5854,291866.595914286
5855,412245.375733333
5856,313897.125633333
5857,434780.644295238
5858,188989.363060318
5859,400969.536312699
5860,432875.779096995
5861,170861.79357381
5862,266096.405966667
5863,363567.7487
5864,168119.881166667
5865,585639.406533333
5866,296367.330675758
5867,240207.325538095
5868,53413.8440238095
5869,167508.298159333
5870,313836.8885
5871,125695.302311111
5872,79793.1479476191
5873,127623.43684127
5874,163362.9477
5875,427413.881380952
5876,124148.997633333
5877,294649.743233333
5878,283947.726372727
5879,512179.217133333
5880,498338.873976191
5881,85742.9884296925
5882,95503.3408190476
5883,66092.4260933333
5884,201758.968266667
5885,265221.385966667
5886,296062.592233333
5887,389994.936933334
5888,265697.815799278
5889,194996.0329
5890,129117.8634
5891,444620.021614286
5892,107331.890533333
5893,426344.751033333
5894,219005.052395238
5895,647191.920147619
5896,269517.525366667
5897,181880.356866667
5898,43937.1257118544
5899,161733.500026118
5900,335988.468354219
5901,331447.166980952
5902,284718.464266667
5903,291222.829266667
5904,437917.469025327
5905,122087.233066667
5906,267501.272361905
5907,53016.8930058309
5908,302144.3343
5909,94354.6225333334
5910,511043.691066667
5911,131117.030936508
5912,747290.565019048
5913,129046.280233333
5914,231566.454274206
5915,41737.7973333333
5916,267390.870019048
5917,178814.7596
5918,149312.2932
5919,391361.825767677
5920,82592.9277
5921,199950.1039
5922,115611.84035445
5923,641794.976142857
5924,702700.356733333
5925,1024751.32893333
5926,367713.5584
5927,100279.538185714
5928,51936.8537333334
5929,357729.460233333
5930,407383.089833333
5931,194468.52462381
5932,137257.463428571
5933,210035.558944445
5934,245365.795483766
5935,272440.509896337
5936,485843.664480519
5937,549567.821466667
5938,246849.998224825
5939,415817.744795238
5940,1159583.09563333
5941,111865.0609
5942,183612.778711875
5943,453799.817523809
5944,152371.478915873
5945,1888122.8329
5946,226960.053348485
5947,282271.086285714
5948,773413.332633333
5949,176253.416833333
5950,334570.452966667
5951,2262986.12336667
5952,36801.209983726
5953,130263.42747619
5954,199531.692936269
5955,265713.463915966
5956,214610.003632057
5957,105575.0214
5958,203023.169233333
5959,322511.076461905
5960,103334.485253968
5961,212739.016666667
5962,204044.723342857
5963,189308.135565359
5964,960202.552699999
5965,240600.949866667
5966,119777.748267277
5967,204626.636761905
5968,554217.340642857
5969,407265.9362
5970,135913.1209
5971,169155.420009524
5972,1326672.5145
5973,106791.54368355
5974,607613.027066667
5975,155491.003866667
5976,294788.977205495
5977,355430.277415686
5978,199272.410180952
5979,31506.4572333333
5980,112661.489033333
5981,169786.902838095
5982,649339.3112
5983,97968.0877238095
5984,112735.726257143
5985,167620.939971429
5986,173911.321561905
5987,506653.90452381
5988,81921.8078666667
5989,258666.385633333
5990,318287.4418
5991,295557.866933333
5992,915645.350114285
5993,161616.554266667
5994,139222.494947381
5995,684711.495928572
5996,88853.6382365079
5997,567232.413681746
5998,381856.5115
5999,133619.003326335
6000,484640.532395457
6001,552987.611266667
6002,1097997.41866667
6003,124602.661074026
6004,363167.990969841
6005,468941.2393
6006,201087.084355556
6007,273755.279347619
6008,451695.088333333
6009,130531.14837619
6010,202895.272712121
6011,103960.775833333
6012,403424.91092381
6013,297923.547476923
6014,223265.522757143
6015,626043.208690476
6016,329409.590383372
6017,268107.665833333
6018,122814.191156421
6019,38447.2755507937
6020,293313.682042857
6021,143163.158814286
6022,427662.321757143
6023,392591.355159333
6024,202566.245928571
6025,95490.7087626263
6026,189114.84221487
6027,227467.487666667
6028,137975.397466667
6029,578487.684133333
6030,241414.503148485
6031,434412.935433333
6032,226786.129352381
6033,291904.613433333
6034,165265.062666667
6035,299950.9211
6036,148923.242714286
6037,112386.059557143
6038,112162.360033333
6039,543233.838933333
6040,332591.731538095
6041,87584.2490666666
6042,371738.959005128
6043,119193.143577778
6044,630707.7895
6045,1095365.58008571
6046,533242.724933333
6047,425249.619
6048,92393.4056538462
6049,184244.681450672
6050,38069.6596115995
6051,67350.4122313797
6052,159533.4821
6053,217790.8995
6054,568888.189585714
6055,390151.070404762
6056,178861.178090476
6057,74341.8512162338
6058,96411.3623000001
6059,223487.940933333
6060,192231.570740404
6061,420710.890555556
6062,103227.92742381
6063,359676.831264286
6064,129245.9904
6065,131700.978742857
6066,268970.424309524
6067,429361.31207619
6068,717029.710604762
6069,392184.720416667
6070,588709.78412381
6071,116716.920628571
6072,299443.200748718
6073,185182.588933333
6074,716787.553111111
6075,319862.937966667
6076,204643.911176191
6077,2750805.30813333
6078,309272.755224242
6079,184496.570157576
6080,136558.030728571
6081,189704.885671429
6082,170236.98006176
6083,57048.1704333334
6084,307935.922301587
6085,2058658.58823333
6086,687560.507366667
6087,294081.039366667
6088,174216.875123153
6089,113549.125090476
6090,218516.598820238
6091,364797.720611714
6092,539142.0171
6093,66230.1175761905
6094,194498.721198582
6095,174272.025266667
6096,165037.695883351
6097,528790.646390476
6098,132619.067451515
6099,1129438.98716667
6100,50931.7061333333
6101,351581.770234441
6102,301158.8657
6103,179491.760113629
6104,211071.277233333
6105,144079.198566201
6106,195524.340656566
6107,251240.324584127
6108,772815.9868
6109,100175.999551094
6110,263020.7193
6111,298457.647366667
6112,512728.147633334
6113,165188.481635642
6114,232375.460630159
6115,765192.397690842
6116,440431.3891
6117,337455.0187
6118,1512758.27206667
6119,244277.937066667
6120,169505.285341318
6121,156960.8702
6122,320662.785433334
6123,900364.3663
6124,200821.084533333
6125,123304.456938095
6126,821169.800466667
6127,697245.082566667
6128,136763.651016246
6129,287361.364
6130,174150.824453968
6131,241840.107992064
6132,434563.054866667
6133,170035.6636
6134,262985.434195238
6135,390879.889984615
6136,268509.319338095
6137,331413.398633333
6138,99644.9138761905
6139,129075.899590476
6140,97035.6563095238
6141,284568.003433333
6142,378895.941766667
6143,250169.294633333
6144,177325.695
6145,290445.5354
6146,61492.1651333333
6147,472496.714368221
6148,289925.942566667
6149,411016.482233333
6150,546426.145266667
6151,159239.936531169
6152,696481.615328572
6153,476473.934252381
6154,464682.612
6155,268110.83790352
6156,255598.664667677
6157,210344.625633333
6158,348482.724233333
6159,210314.248152381
6160,284494.098366667
6161,109916.584366667
6162,174520.000366667
6163,88581.8554166666
6164,448265.992536797
6165,149075.611893651
6166,125285.305133333
6167,656255.537166667
6168,243566.5991
6169,335786.271333333
6170,115482.84697619
6171,420153.6061
6172,89211.1351190476
6173,291858.620333333
6174,292205.563833333
6175,173562.850907937
6176,286571.158066667
6177,56726.4833
6178,59676.9941843137
6179,120906.36955
6180,1351487.4926
6181,149167.262261905
6182,310529.041836364
6183,497602.923266667
6184,110983.970561905
6185,168019.119347619
6186,448697.238838095
6187,233778.5592
6188,258044.5882
6189,1182107.2736
6190,263617.395363636
6191,451821.14108718
6192,441960.7817
6193,179754.433866667
6194,262222.863361905
6195,175495.054127451
6196,167666.581757143
6197,988568.326133333
6198,186071.1821
6199,339754.027171428
6200,272221.517472727
6201,462413.251106349
6202,27945.4135952381
6203,122706.111852164
6204,541833.070390476
6205,813038.337104762
6206,185779.8064
6207,88317.121452381
6208,116523.955741392
6209,186541.7911
6210,560190.757266667
6211,254919.9409
6212,438493.892
6213,46005.855176024
6214,169567.158733333
6215,34729.1086666667
6216,74764.0375206349
6217,77098.081056044
6218,114334.725433333
6219,204409.466047059
6220,451609.629969697
6221,193047.389466667
6222,128246.54537381
6223,107661.698366667
6224,436984.462757143
6225,298085.405566667
6226,422757.7814
6227,79433.8992197691
6228,265384.079843723
6229,451779.207485714
6230,201210.301166667
6231,483306.632866667
6232,189883.590204762
6233,434491.950319048
6234,659652.8247
6235,187864.253992717
6236,281587.322333333
6237,187374.597604762
6238,743059.875966667
6239,559988.9959
6240,210637.361412698
6241,197226.332233333
6242,199284.938142857
6243,300639.246633333
6244,282639.758766667
6245,246320.011225253
6246,451314.191647619
6247,131416.379733333
6248,212945.55785
6249,268880.495222222
6250,206649.789659307
6251,172683.911198413
6252,586743.578266667
6253,203678.644120802
6254,140614.182295
6255,104036.411933333
6256,313913.327933333
6257,163350.121304762
6258,1208900.76513333
6259,332215.720366667
6260,749705.805633333
6261,193497.695711111
6262,310637.127969697
6263,338307.289666667
6264,87270.8920666667
6265,117579.037552381
6266,432030.308
6267,35116.0988809524
6268,963039.884585714
6269,317912.152563837
6270,108924.097885714
6271,694361.930233333
6272,326782.492590476
6273,164803.787133333
6274,180341.191666667
6275,235774.241361905
6276,183265.961433333
6277,218438.075623809
6278,296770.921238095
6279,145461.939652381
6280,274164.466103623
6281,743102.601171428
6282,548747.2863
6283,271552.634584615
6284,131885.418833333
6285,32985.1662095238
6286,210960.115001754
6287,363595.5057
6288,82064.023852381
6289,49098.7148111111
6290,821391.560585714
6291,197171.76377619
6292,157337.838066667
6293,705347.186852381
6294,259055.92232381
6295,115036.107533333
6296,754518.489766667
6297,726736.060161905
6298,436417.702666667
6299,142451.466585714
6300,66358.5859271079
6301,369103.802964286
6302,265028.3787
6303,173368.260564935
6304,362203.803861905
6305,218704.406433333
6306,212299.495480952
6307,483839.055233333
6308,238885.348668421
6309,168045.4231663
6310,563046.898153968
6311,132639.335922222
6312,179118.026761905
6313,1108160.96616667
6314,216258.946766667
6315,368001.499873016
6316,167730.7886
6317,413118.981257143
6318,299319.207733333
6319,378006.869166667
6320,159246.217360318
6321,220976.741648352
6322,1366784.5193
6323,150137.942421429
6324,151666.655698039
6325,986211.374666667
6326,358661.7543
6327,128263.07040656
6328,26383.4235182633
6329,294939.181309524
6330,210642.130628571
6331,258696.195555556
6332,193689.767601299
6333,111239.88705
6334,49084.7597737374
6335,628145.831166667
6336,426330.944657143
6337,1390745.79646667
6338,172990.466090676
6339,431272.567114286
6340,444745.608415873
6341,136920.067263203
6342,441011.930966667
6343,223782.02622381
6344,581199.061890476
6345,157302.534060073
6346,336318.293711111
6347,467801.218080342
6348,341957.293033333
6349,77972.3404888889
6350,70555.2166638064
6351,253753.094233333
6352,830979.467133333
6353,300103.381852381
6354,238616.936783333
6355,249850.728647619
6356,198978.290366667
6357,330572.432020024
6358,149032.134028571
6359,285265.798933333
6360,143854.176731746
6361,797342.3536
6362,320791.212348718
6363,124159.441192063
6364,212068.906071429
6365,410297.576077778
6366,345459.6592
6367,212356.050161905
6368,302413.506909524
6369,265378.962232112
6370,141863.693028571
6371,97367.8800495671
6372,259963.063333333
6373,319406.863933333
6374,317613.3128
6375,363950.922533333
6376,316370.7211
6377,264540.616233333
6378,131755.10035873
6379,157612.129159596
6380,138242.698593651
6381,47695.4711666667
6382,791062.788304762
6383,192651.4442
6384,204519.938590476
6385,268484.161639683
6386,420921.031590476
6387,294645.808947619
6388,219108.779033333
6389,254235.031342857
6390,303357.884733333
6391,156380.175833333
6392,95791.1015
6393,102463.184252381
6394,153354.38115
6395,244357.075033333
6396,289490.493812698
6397,250125.586480952
6398,514376.045133333
6399,459299.15830606
6400,436457.910657143
6401,201533.616961905
6402,184815.703166667
6403,352604.565166666
6404,293216.410266667
6405,198600.04931746
6406,181705.676611111
6407,456701.406033333
6408,402407.366814286
6409,141069.8187
6410,449108.369833333
6411,539183.666614286
6412,57421.1133563492
6413,125005.126833333
6414,234831.3595
6415,197359.598676912
6416,107587.757714286
6417,1216089.20257619
6418,245618.142766667
6419,758691.073557143
6420,401535.898433333
6421,212786.669062745
6422,265246.443319048
6423,293282.514861905
6424,368621.036633333
6425,488200.14627619
6426,238988.593220513
6427,691918.154733334
6428,107294.62932381
6429,613070.514233333
6430,43414.6461095238
6431,199829.368678618
6432,458976.672404762
6433,151246.4863
6434,157367.293688889
6435,94141.2421619048
6436,1802894.8825
6437,248992.348923809
6438,190168.626814286
6439,94421.9147238095
6440,354186.780833334
6441,1031250.2021
6442,80137.7641142857
6443,109559.432956288
6444,73985.9866
6445,419169.106033333
6446,187318.446405442
6447,431458.127509524
6448,292302.554869464
6449,313569.318357143
6450,755486.342266667
6451,552652.010687879
6452,167294.408385714
6453,434651.708533333
6454,80513.8891912754
6455,523423.007370574
6456,456797.978266667
6457,143801.238125397
6458,500239.561947619
6459,287555.292419192
6460,265310.184501587
6461,199886.942085714
6462,214650.897695731
6463,888346.752666667
6464,266638.673228571
6465,60649.6650527473
6466,301689.192471861
6467,321738.291005128
6468,222711.017593939
6469,279016.787125974
6470,240827.243633333
6471,414943.715
6472,369762.381788889
6473,207037.534383117
6474,593140.573442857
6475,206093.805676191
6476,626406.134366667
6477,605397.806942064
6478,312027.550614286
6479,249530.411323831
6480,111526.268811111
6481,214233.366863636
6482,431795.286523809
6483,67935.7075333333
6484,119089.4312
6485,129647.5623
6486,357914.68472381
6487,97030.4405555556
6488,172579.703145455
6489,1074609.3426
6490,77657.4447
6491,767845.914342857
6492,234388.151268254
6493,406953.077257143
6494,478847.349366667
6495,169800.738033333
6496,220014.903460606
6497,272917.302466667
6498,209667.951185714
6499,237534.497566667
6500,337797.042433333
6501,309624.252122222
6502,132952.155325552
6503,255103.212676923
6504,97913.1529333333
6505,309359.772766667
6506,312656.7685
6507,321375.671108425
6508,543963.722233333
6509,223921.961430303
6510,189649.896128146
6511,162413.270633333
6512,88307.4440857143
6513,264085.5803
6514,268719.523495238
6515,94868.4994491228
6516,283987.582280952
6517,302260.6289
6518,79504.0717111111
6519,98980.0050571428
6520,547254.276919047
6521,79110.4816380952
6522,145362.724533333
6523,556906.541733333
6524,155111.592966667
6525,132121.549605556
6526,347022.346433333
6527,163180.983033333
6528,280586.64377619
6529,527898.583433333
6530,258561.068227451
6531,352400.282833333
6532,302991.019144444
6533,321197.829366667
6534,46841.7257944444
6535,52026.142
6536,218742.885757143
6537,386898.615366667
6538,179201.150552381
6539,562221.609836364
6540,322232.163566667
6541,306011.224966667
6542,70695.0828696969
6543,698139.997209524
6544,284714.3849
6545,241361.715466667
6546,299331.685271429
6547,141916.807071429
6548,116419.4012
6549,87927.4418333333
6550,163482.56718254
6551,186009.447914286
6552,26782.886247619
6553,134586.722533333
6554,326590.724066667
6555,562300.078433334
6556,233518.003961905
6557,111365.283114286
6558,56542.9861758242
6559,756473.440376191
6560,303713.212833333
6561,654068.778152381
6562,206757.885450916
6563,238988.930833333
6564,241469.743904762
6565,205824.5074
6566,293732.0213
6567,60575.1939
6568,212906.569573504
6569,677702.661966667
6570,564349.5331
6571,106101.425914286
6572,144576.1325
6573,121211.32848355
6574,197506.370311905
6575,570517.989590476
6576,63443.9069221408
6577,134614.884342857
6578,261791.891822222
6579,170721.938033333
6580,215715.006885714
6581,288852.896266667
6582,499606.8721
6583,106033.983204762
6584,182519.264408225
6585,525655.096133333
6586,302112.621887879
6587,118516.428204762
6588,277914.465366667
6589,441410.3069
6590,284292.117333333
6591,319062.3927
6592,963933.266933333
6593,319447.7061
6594,307913.512536508
6595,725519.414633333
6596,291326.318452381
6597,94158.6848285714
6598,300379.938104762
6599,750839.651566667
6600,307608.855733333
6601,390616.967488889
6602,601884.4968
6603,425738.550133333
6604,213489.293366667
6605,486246.884440027
6606,755733.6675
6607,474378.588752381
6608,545411.166033333
6609,61801.6636012987
6610,887851.244964069
6611,472209.319833333
6612,256671.2713
6613,332568.958639683
6614,410056.7208
6615,114356.083768254
6616,606679.949827706
6617,64657.2284666666
6618,131151.091612605
6619,122129.604333333
6620,242813.428806349
6621,508193.451233333
6622,312069.1133
6623,255361.941933333
6624,89910.3133666667
6625,230871.975933333
6626,230741.630033333
6627,116949.719449206
6628,85902.3468666667
6629,176008.283587313
6630,988846.798923809
6631,401595.314533333
6632,399876.776
6633,578282.6453
6634,301251.485833333
6635,1154390.87096667
6636,321653.550966667
6637,230069.607261905
6638,525092.068433333
6639,172052.569790476
6640,572831.116090476
6641,187496.957546609
6642,103639.895654701
6643,62677.5028047619
6644,307391.949604762
6645,216191.428052381
6646,35662.4575637918
6647,223894.837052381
6648,236192.709501954
6649,360443.917514286
6650,439929.154166667
6651,282739.165534921
6652,461865.165195238
6653,75566.7833160173
6654,228119.524933333
6655,622915.153658974
6656,354427.955160317
6657,167724.014952381
6658,1425436.47573333
6659,234513.558550943
6660,1328508.62426667
6661,280658.08464652
6662,88258.9942586021
6663,228321.680604762
6664,158203.30122381
6665,175879.933188889
6666,73940.3694817927
6667,183420.100257143
6668,316528.850366667
6669,216744.644766667
6670,136163.480811111
6671,438211.419733333
6672,186014.272033333
6673,783547.370447619
6674,157806.925636508
6675,254476.7072
6676,370247.083172727
6677,74297.7936904762
6678,424878.215967677
6679,239926.880149573
6680,191848.172066667
6681,68364.4198714286
6682,188734.309766667
6683,199359.68045974
6684,979872.637366667
6685,331112.222004762
6686,258720.777261905
6687,2231441.1092
6688,189724.513614286
6689,207967.603823809
6690,288595.965466667
6691,181361.653719841
6692,612923.690302165
6693,430026.510864358
6694,450003.437633333
6695,92504.9345904762
6696,610771.379038095
6697,292805.452547619
6698,110555.852888889
6699,261882.658894661
6700,247830.609066667
6701,950550.950733334
6702,45712.3476161172
6703,419282.5486
6704,106318.869006926
6705,323023.307533333
6706,190558.042052381
6707,245008.423042857
6708,216246.537971429
6709,259477.368247619
6710,219148.775266667
6711,523501.991166666
6712,362140.3215
6713,294876.32067619
6714,393905.827061905
6715,137170.669357143
6716,290898.563666667
6717,267120.197214286
6718,569011.392266667
6719,297077.795466667
6720,290038.687442857
6721,221922.6257
6722,116514.289895238
6723,123014.5847
6724,495853.123566667
6725,509704.100066667
6726,194053.439166667
6727,169343.539966667
6728,145818.136294841
6729,577001.543966667
6730,62612.6012377926
6731,551351.686666667
6732,402330.827961905
6733,380454.2868
6734,299847.469540891
6735,198003.929550217
6736,111582.30722028
6737,159361.339288312
6738,1006980.05763333
6739,327928.540233333
6740,618401.365033334
6741,209965.4528
6742,280574.582266667
6743,452894.5832
6744,102545.445578941
6745,675016.679466667
6746,203219.058833333
6747,174319.455747339
6748,352722.237327591
6749,179103.707938095
6750,554022.263352381
6751,218532.66057044
6752,216612.043168487
6753,651944.2823
6754,101464.869
6755,369592.617133333
6756,210723.52684127
6757,129895.666448965
6758,183489.945438095
6759,288419.257590476
6760,663137.216266667
6761,609753.132504762
6762,149809.039295324
6763,132214.186415385
6764,349023.189466667
6765,549690.837828571
6766,439504.191233333
6767,359364.944933333
6768,178362.325922078
6769,1569441.89098571
6770,461222.784066667
6771,150331.068111111
6772,44006.0646913781
6773,232425.054671429
6774,742420.6515
6775,149631.826766667
6776,324321.92516109
6777,122201.829538095
6778,202084.259111111
6779,420726.541266667
6780,216826.619390476
6781,262003.135666667
6782,562340.128866667
6783,120072.656130303
6784,129181.493180952
6785,187443.286657143
6786,424990.039190476
6787,807829.449719048
6788,384170.131419048
6789,669995.2693
6790,280299.110311765
6791,171376.5538
6792,443795.724566667
6793,260537.289533333
6794,350044.282714286
6795,296907.387080952
6796,244550.712684849
6797,920407.249447403
6798,61298.0779952381
6799,112072.443723809
6800,654037.7103
6801,292072.678004762
6802,70615.9417862069
6803,973625.945142857
6804,459978.566414286
6805,183892.654945455
6806,239357.797076191
6807,333690.161495022
6808,80182.5863526953
6809,453914.680233334
6810,645086.858066667
6811,297839.969874603
6812,205753.299528571
6813,185235.996933333
6814,379364.539596825
6815,339751.7936
6816,1795138.29156667
6817,176276.784719048
6818,308320.138533333
6819,312497.4137
6820,384036.497376191
6821,316754.353666667
6822,64368.6710857143
6823,134373.377331746
6824,164061.16622381
6825,85017.2532668534
6826,255485.713333333
6827,203454.975128572
6828,1916263.4695
6829,251202.483911111
6830,215505.111666667
6831,1018749.54613333
6832,66151.5564
6833,133277.32480404
6834,625649.2109
6835,88837.5519142857
6836,96789.1369666667
6837,184771.98322381
6838,827955.4295
6839,194573.105860318
6840,229028.201938095
6841,106616.114730303
6842,770047.843208425
6843,308348.637480952
6844,375124.876133333
6845,289961.459904762
6846,1153074.71753333
6847,59704.8252285714
6848,150191.767591188
6849,138431.3813
6850,118151.519146032
6851,185105.3168
6852,279163.721766667
6853,169502.9705
6854,134937.331511539
6855,450608.050466667
6856,870992.588595238
6857,512390.656833333
6858,218480.561314286
6859,262587.358176191
6860,300138.188119048
6861,111010.406333333
6862,180702.047715915
6863,303781.200133333
6864,348104.491476191
6865,585872.498566667
6866,476651.993922078
6867,241611.244264416
6868,80106.0011333333
6869,171998.632571645
6870,268463.391033333
6871,181604.776166667
6872,81974.7814507937
6873,422066.110133333
6874,164216.212633333
6875,401619.2928
6876,323410.361377778
6877,59729.1762
6878,124679.9203
6879,675239.759645454
6880,215453.355344444
6881,85023.7951678571
6882,55974.3079666667
6883,427235.949466667
6884,278667.416698413
6885,272611.114266667
6886,356286.9118
6887,381618.995702381
6888,207720.567466667
6889,435376.5416
6890,383348.996357143
6891,216871.790751821
6892,146777.520207137
6893,113244.180020779
6894,897206.197012121
6895,206783.121633333
6896,364619.208
6897,322078.574884899
6898,388119.867533333
6899,440238.098004762
6900,374268.430666667
6901,232809.453545055
6902,259236.771554545
6903,80997.9573619048
6904,98820.7069777778
6905,68549.5655923077
6906,314201.680633333
6907,60641.1821714286
6908,331519.149557143
6909,360379.1091
6910,410347.801850217
6911,279087.856577778
6912,297083.077933333
6913,630890.315757143
6914,287068.584533333
6915,209125.895411905
6916,404624.926584615
6917,829542.4276
6918,82307.2457333333
6919,417971.6425
6920,104391.464514286
6921,255539.508333333
6922,531914.532766667
6923,121251.2075
6924,313408.656886648
6925,582244.825166667
6926,179226.394144444
6927,55743.1785005162
6928,212425.351877778
6929,1058145.22789264
6930,415722.788933334
6931,340322.574919048
6932,49183.2969102564
6933,223362.484866667
6934,236985.359158621
6935,177555.801480859
6936,386456.367361905
6937,669637.466385714
6938,221498.351344444
6939,812968.362685714
6940,420785.931466667
6941,1041192.23456667
6942,209363.169127451
6943,43329.8262428572
6944,117224.457524242
6945,370395.2039
6946,189938.958181818
6947,711004.5506
6948,519092.1436
6949,321066.414933333
6950,174126.166233333
6951,97788.1956984127
6952,226183.770704762
6953,1156873.9856
6954,422551.0787
6955,336578.307425397
6956,109021.2253
6957,376710.263266667
6958,426417.7479
6959,487240.391766667
6960,191547.32468254
6961,337820.349776923
6962,93712.3198757576
6963,236258.643434921
6964,290403.782566667
6965,333029.322933333
6966,306007.981247619
6967,383406.653419048
6968,176984.691255555
6969,116090.374203175
6970,62701.1422571429
6971,396973.826457576
6972,208655.4393
6973,74480.1497761905
6974,76005.1204222222
6975,214742.880529762
6976,176690.3066
6977,142513.558771429
6978,267733.420445454
6979,295657.294588889
6980,106869.209166667
6981,415108.4645
6982,116976.26571342
6983,218354.982066667
6984,119474.1899
6985,94606.0516391682
6986,178529.186320635
6987,76132.6382666666
6988,323854.461984615
6989,633855.5089
6990,36363.0454285714
6991,175658.966390476
6992,267831.303633333
6993,132789.191196581
6994,478550.0727
6995,359398.671155556
6996,534458.851
6997,1669700.37724762
6998,118644.158065801
6999,92376.5671333333
7000,87895.8448035088
7001,230838.9015
7002,321568.6656
7003,173511.8559
7004,195291.400294139
7005,253166.625866667
7006,483010.868966667
7007,311767.979477778
7008,115353.175423809
7009,274254.679146032
7010,218464.017898557
7011,774898.043019047
7012,133955.558766667
7013,416366.861304762
7014,234709.847096939
7015,353725.25
7016,462473.812
7017,200997.135621734
7018,233196.5858
7019,208058.652077056
7020,53758.3789111111
7021,451200.6743
7022,125493.6108
7023,197483.268833333
7024,100877.209266667
7025,541069.9092
7026,59535.0737348596
7027,261544.375741991
7028,313153.935466667
7029,69306.7649186813
7030,63831.1761055611
7031,181596.802068424
7032,577112.696025552
7033,209812.739006838
7034,261081.387933333
7035,302374.303642857
7036,225845.987033333
7037,463697.819571429
7038,259821.8948
7039,251013.269562338
7040,1750227.61156667
7041,1392825.77913333
7042,313066.9251
7043,91683.8130177945
7044,295231.255363492
7045,313732.733966667
7046,814202.805833333
7047,815107.9057
7048,297928.498090476
7049,162832.381966667
7050,153992.08022381
7051,242723.556908333
7052,98604.7570571428
7053,55615.005015873
7054,297500.455333333
7055,221697.149155556
7056,51778.2532695187
7057,498085.776266667
7058,785220.948695238
7059,212498.037414286
7060,61695.5591115995
7061,434389.550571429
7062,715138.273933333
7063,78572.0566857143
7064,724521.565466667
7065,312964.993066667
7066,101853.702
7067,390142.726605628
7068,91631.1516666666
7069,151442.444006349
7070,301741.57451342
7071,129344.944888889
7072,87460.1495865079
7073,366134.271266667
7074,282595.296180952
7075,640912.782166666
7076,157785.096842857
7077,85854.9347746032
7078,231377.667622689
7079,658268.654190476
7080,281152.3714
7081,252667.801780952
7082,408964.976050675
7083,416724.631366667
7084,74614.5703
7085,645745.925788889
7086,493234.7251
7087,1483188.56043333
7088,215815.570033333
7089,152989.513330303
7090,108445.828823809
7091,291803.808866667
7092,576778.817611356
7093,472335.1475
7094,272929.595190476
7095,147763.231780952
7096,117778.952933333
7097,215396.580666667
7098,360294.928933333
7099,196962.965233333
7100,739215.709233334
7101,72181.3424936508
7102,78858.1804161172
7103,738291.122866666
7104,213777.010134066
7105,448574.548933333
7106,490747.286133333
7107,443024.785128572
7108,155971.248273809
7109,84134.7793
7110,153090.780633333
7111,292102.135666667
7112,304850.928360173
7113,274140.426152381
7114,460558.7767
7115,158625.0361
7116,291563.946104473
7117,226183.333314286
7118,255678.082577124
7119,461348.630511111
7120,351952.220039072
7121,226744.929433333
7122,140567.908490196
7123,584984.350966667
7124,37870.9689733652
7125,253436.106433333
7126,293288.041033333
7127,506745.333333333
7128,129379.379804762
7129,164401.972883333
7130,213334.487997836
7131,176427.800690476
7132,318145.779597558
7133,239145.120347619
7134,71589.6096290598
7135,62373.3534699634
7136,363023.334566667
7137,151745.160042857
7138,162050.082485714
7139,48515.6100666667
7140,363966.801244928
7141,35737.9513007825
7142,79715.9826190228
7143,247637.205788889
7144,125432.9243
7145,161403.476966667
7146,127742.379523656
7147,481407.835333333
7148,1159881.01026667
7149,203889.346561905
7150,58944.1725252747
7151,264235.647888889
7152,311221.72346277
7153,84024.7922346394
7154,258539.435357143
7155,801033.249274603
7156,159553.5344
7157,121786.373117027
7158,212369.266844444
7159,829335.375083333
7160,268182.639
7161,123068.567019048
7162,1244579.11573333
7163,77900.0425804915
7164,92940.5279851038
7165,594296.191066667
7166,636370.178966667
7167,76623.6208466667
7168,215264.171926984
7169,448398.2936
7170,87299.8889360125
7171,299464.570866667
7172,139772.407349573
7173,674504.915533334
7174,176805.708128571
7175,956823.7903
7176,33053.0574258741
7177,82050.1937571429
7178,272817.902566667
7179,345739.902855556
7180,216856.574466667
7181,177052.063573016
7182,126195.460884314
7183,209763.299165368
7184,160890.074971429
7185,581489.483633333
7186,375400.054533333
7187,437781.284366667
7188,55847.4907333333
7189,573978.991338095
7190,129905.080294139
7191,292195.881166667
7192,84970.3641892857
7193,226385.687687302
7194,295419.270049206
7195,677995.212933333
7196,65663.1764333334
7197,324874.4869
7198,33065.3809575758
7199,246590.478480953
7200,31951.3838199134
7201,99039.5061393939
7202,186498.809902564
7203,39728.0100004884
7204,490596.662733333
7205,345942.4632
7206,171532.248451541
7207,251779.011033333
7208,192669.012752381
7209,92758.3654861111
7210,292935.556763082
7211,229993.453433333
7212,329240.061363095
7213,228371.3883
7214,314706.2686
7215,250587.4564
7216,130977.113847619
7217,147168.635166667
7218,133728.167319048
7219,413846.551466667
7220,234389.577252381
7221,49692.0883666667
7222,39266.9392
7223,95676.2575
7224,77784.0255857143
7225,88812.7047380952
7226,570232.286533333
7227,97605.6895666667
7228,672897.518744444
7229,241702.387733333
7230,292347.871166667
7231,199287.3444
7232,347124.484944445
7233,496847.6882
7234,675555.185157143
7235,307626.599066667
7236,28854.3717346258
7237,242795.398255555
7238,108601.5362
7239,155213.502366667
7240,312909.1187
7241,159993.919514286
7242,76354.8842652661
7243,633641.947166667
7244,363150.124357143
7245,201441.488977778
7246,110653.454115385
7247,163112.537561905
7248,417423.827444444
7249,292146.7289
7250,336224.030033333
7251,306400.960014286
7252,612947.825325641
7253,79183.3800666667
7254,169486.611966667
7255,234634.449352381
7256,173728.106202453
7257,470947.545333333
7258,44074.7334206349
7259,42788.6653393939
7260,157538.143466667
7261,265364.069133333
7262,374459.025333334
7263,157387.649768038
7264,213075.252042857
7265,378399.657539682
7266,483865.639885715
7267,589386.614633333
7268,100671.9077337
7269,75186.6222523809
7270,295084.40430303
7271,273143.858951282
7272,80851.4678857143
7273,682567.4142
7274,217454.039750794
7275,488708.394554187
7276,312584.84255873
7277,1316995.0048
7278,533987.888933333
7279,91974.1425333333
7280,113623.217916667
7281,301694.59407558
7282,142544.138752958
7283,388497.6508
7284,581847.932866667
7285,49846.5359428571
7286,188623.9045
7287,293208.491966667
7288,320116.923733333
7289,186657.714973993
7290,799793.240133333
7291,167984.993698413
7292,145273.906664524
7293,187861.726196837
7294,195002.15662381
7295,303948.410366667
7296,520007.521090476
7297,149106.992804762
7298,171551.724790789
7299,179208.649
7300,147879.150933333
7301,343595.961176923
7302,97817.8593058608
7303,255205.770366667
7304,397359.8698
7305,187242.083333333
7306,312412.1952
7307,172068.388322222
7308,260351.093831136
7309,438163.895177778
7310,506434.1905
7311,218977.036633333
7312,405386.897109524
7313,477524.310633333
7314,675740.0984
7315,95772.8332
7316,218459.496666667
7317,71183.6924190476
7318,285338.102333333
7319,273162.068038095
7320,183367.195066667
7321,627934.7104
7322,252000.5328
7323,264763.151565079
7324,321694.814344444
7325,137719.409195238
7326,398518.3061
7327,354726.061733333
7328,337624.567633333
7329,211668.04847619
7330,219394.30059697
7331,427814.1429
7332,182893.712828571
7333,95168.990968254
7334,468636.649555556
7335,673775.186333333
7336,308878.757666667
7337,189644.211757143
7338,642085.796366667
7339,320483.5502
7340,369944.9688
7341,231479.56748254
7342,115109.404783333
7343,280436.424833333
7344,209810.73972096
7345,152365.058622894
7346,115351.934225397
7347,64566.0461722222
7348,268279.31047619
7349,315860.567433333
7350,308184.722633333
7351,103345.706838095
7352,314176.777542857
7353,219191.897633333
7354,185202.230557143
7355,156798.3813
7356,104535.104652381
7357,244532.778290476
7358,202469.7916
7359,186042.309751515
7360,173962.830204762
7361,183800.501747619
7362,197081.54074632
7363,128969.371366667
7364,297310.5247
7365,303015.632185714
7366,203245.453228571
7367,79411.0105
7368,74482.1131866667
7369,427757.67112381
7370,113529.898193651
7371,271726.249556022
7372,913537.618352381
7373,69807.4099666666
7374,91926.4614142857
7375,78254.0299705589
7376,684344.895933333
7377,313728.130133333
7378,108870.266833333
7379,196494.69937619
7380,471946.492180953
7381,313280.303797403
7382,450201.386233333
7383,801534.4322
7384,207879.906598701
7385,424203.8319
7386,362383.615701587
7387,143584.52957522
7388,259214.932365476
7389,86737.657247619
7390,136885.0904
7391,177385.588907143
7392,179600.659166667
7393,215578.658061905
7394,143173.390409524
7395,62836.4340333333
7396,203395.805719048
7397,458271.890666667
7398,208732.963433333
7399,542978.0401
7400,71348.2290333333
7401,234695.153009524
7402,239275.823333333
7403,269211.914982418
7404,224683.110773016
7405,537016.2738
7406,328338.066053846
7407,153678.08538254
7408,199430.801952381
7409,524668.352504762
7410,263463.055766667
7411,1310343.8424
7412,403686.924935509
7413,62713.8761333333
7414,85858.5411666666
7415,244443.667993651
7416,163686.702555556
7417,511023.889228572
7418,139907.342722222
7419,207364.470911111
7420,320371.988233333
7421,326748.505138095
7422,335702.593577778
7423,330051.896633333
7424,256492.233371429
7425,109036.282319048
7426,437713.607861905
7427,367699.610941414
7428,287118.416266667
7429,270631.906888889
7430,122679.284711111
7431,298174.984319048
7432,407150.097866667
7433,286948.809709091
7434,366883.4579
7435,157587.786210378
7436,300251.123533333
7437,509070.3687
7438,136190.6617
7439,501518.639109524
7440,1008287.97083333
7441,612488.571633333
7442,144667.884840404
7443,477804.682428572
7444,162440.735656322
7445,307123.8972
7446,179691.887664286
7447,670366.315166667
7448,445961.913928571
7449,318069.543333333
7450,173793.351566667
7451,64667.4091
7452,80207.9564619048
7453,613072.217222222
7454,344127.9561
7455,479030.029966667
7456,339697.38882381
7457,272847.1242
7458,815356.332033333
7459,152761.39687619
7460,57053.2637711511
7461,229214.946614286
7462,243107.0005
7463,184560.579868067
7464,145810.462288889
7465,74970.096976923
7466,174918.665128205
7467,133417.93532963
7468,362368.412666667
7469,111368.036604762
7470,611564.946666667
7471,321398.354
7472,597227.75282906
7473,181854.027302564
7474,148203.930588456
7475,94401.2466047619
7476,265099.488766667
7477,82367.9303247619
7478,116598.709304762
7479,420459.806749809
7480,293467.5724
7481,69746.1429428572
7482,125982.110820635
7483,84556.1662930403
7484,204037.391187879
7485,341822.064057143
7486,222535.789952381
7487,729102.195366667
7488,246201.907783333
7489,243364.012441667
7490,177382.99075772
7491,612120.786714286
7492,70962.3504333334
7493,1483299.79658788
7494,285720.955998137
7495,335332.133833333
7496,99126.2367999999
7497,362333.412588334
7498,316441.350138095
7499,199827.322165002
7500,222047.568538095
7501,311748.8679
7502,105342.665737662
7503,487437.043733333
7504,230818.485333333
7505,273258.98801645
7506,160237.238333333
7507,41952.3888833333
7508,81548.6178727273
7509,58153.1000015873
7510,270420.2444
7511,585261.04247018
7512,308645.432657143
7513,56197.9532
7514,759254.0719
7515,312866.008982684
7516,334550.365366667
7517,59427.7586896714
7518,107896.763528571
7519,79811.5633761905
7520,381598.076714286
7521,117596.463532967
7522,249790.441114286
7523,231929.006716667
7524,47717.608652381
7525,755250.1603
7526,260813.863366667
7527,200636.162866667
7528,269877.641747619
7529,276566.74854026
7530,653905.985409524
7531,144056.349897587
7532,160409.6611
7533,427481.77947619
7534,293946.260228571
7535,686502.392557143
7536,200996.959266667
7537,114828.285490476
7538,181793.492752381
7539,227420.987469697
7540,199686.125266667
7541,108536.126819048
7542,85595.517252381
7543,601120.524266667
7544,133576.752971429
7545,215461.085193651
7546,813557.327466667
7547,310551.420066667
7548,279063.282226374
7549,570503.498666667
7550,373905.340860195
7551,230998.635302835
7552,106930.439589744
7553,307145.650166666
7554,453598.910266667
7555,81492.8505206349
7556,249891.362133333
7557,2471618.79806667
7558,1377386.1259
7559,558567.549133333
7560,393496.582933333
7561,338240.334870085
7562,413112.7875
7563,155467.9406
7564,109135.940877778
7565,275221.738366667
7566,328671.622016667
7567,148507.032250794
7568,124105.77627619
7569,92336.9447190477
7570,227001.200034921
7571,326896.5632
7572,745021.4123
7573,177047.9693
7574,160638.195061905
7575,409899.337708225
7576,257871.205133333
7577,394299.713966667
7578,483887.14525
7579,48646.7687798535
7580,374718.050671429
7581,73987.6185619048
7582,234102.074761905
7583,258907.275865079
7584,384197.836133333
7585,462056.820033333
7586,125655.6484
7587,572797.2607
7588,136711.875790476
7589,358125.079463637
7590,281219.055258486
7591,298812.3336
7592,311145.075847619
7593,313660.624333333
7594,169665.269961905
7595,100388.563835714
7596,148314.918966667
7597,205776.238395238
7598,264147.228219048
7599,127915.967466667
7600,321616.185033333
7601,77560.6109111111
7602,352364.320218803
7603,303714.766554545
7604,167522.2096
7605,180569.935366667
7606,150251.079644444
7607,41345.1169868347
7608,316906.07732381
7609,546798.378663636
7610,37994.4623003088
7611,954366.84237619
7612,464021.486766667
7613,302151.1639
7614,412798.804966667
7615,122936.9687
7616,212855.1812
7617,202813.6071
7618,101964.772733333
7619,205565.7654
7620,191249.952266322
7621,263545.425885714
7622,103783.8998
7623,173830.345471717
7624,57038.8124190476
7625,251893.605933333
7626,444572.933766667
7627,99119.3331333333
7628,211486.938750794
7629,124549.251585714
7630,534516.934944444
7631,273270.69297619
7632,80460.4747710521
7633,433495.427804762
7634,95682.1625413919
7635,88817.2087809524
7636,194018.524919048
7637,181977.746434536
7638,66784.2190488095
7639,254418.532838095
7640,342538.177833333
7641,596556.622866667
7642,358500.806869173
7643,366288.4143
7644,316679.512033333
7645,167610.871066667
7646,214636.270533333
7647,105197.991130037
7648,175065.4048
7649,46086.3529857143
7650,43806.6507857143
7651,178404.401885714
7652,171341.490272561
7653,896727.068827273
7654,252123.165933333
7655,256898.910495906
7656,136512.148190476
7657,127103.871875151
7658,122594.0418
7659,458051.900136996
7660,407974.9317
7661,220912.845657143
7662,123506.502551811
7663,374616.588366667
7664,159615.185105617
7665,132494.53867952
7666,340140.584866667
7667,270574.656212277
7668,177166.618380952
7669,401807.787833333
7670,282563.296480953
7671,287499.110576191
7672,99914.8688428571
7673,617707.931833333
7674,91687.7069964276
7675,185151.663122222
7676,348510.814566667
7677,39448.6635392482
7678,102151.489433333
7679,193603.922033333
7680,98651.435646337
7681,270113.895966667
7682,274340.881680952
7683,71281.6249636788
7684,165521.806579365
7685,116697.972328571
7686,345657.3825
7687,90593.1754888889
7688,559057.077766667
7689,360007.211766667
7690,639683.656311111
7691,150787.370328571
7692,266696.064594027
7693,114362.8415
7694,302892.283844445
7695,80720.7024190476
7696,267477.238066667
7697,100164.606289977
7698,304468.270257143
7699,112098.146409524
7700,105190.064433333
7701,475930.092015152
7702,218537.438722222
7703,718128.850333333
7704,378268.79823492
7705,156730.100266667
7706,278344.853728571
7707,473392.611933333
7708,44229.8153571429
7709,375652.210863492
7710,36505.6639444444
7711,1033649.2779
7712,69594.6251690476
7713,180397.523326374
7714,164282.627084848
7715,257928.171275325
7716,717968.2595
7717,252142.384866667
7718,204465.571011111
7719,62715.2269836997
7720,79060.6580666667
7721,358429.8731
7722,689857.686833333
7723,197622.395188889
7724,369437.932978571
7725,753415.0861
7726,681017.0107
7727,66953.849
7728,112072.865546667
7729,45362.3515810486
7730,118416.975233333
7731,108376.9297
7732,152512.681656566
7733,226403.0766
7734,259280.322819048
7735,352956.701275758
7736,210323.213333333
7737,115102.798022222
7738,407538.930466667
7739,159759.223966667
7740,421258.2931
7741,82012.6181
7742,71973.123152381
7743,171541.7748
7744,669449.456485714
7745,269527.6252
7746,319584.503232035
7747,81576.6267666667
7748,293498.494605494
7749,324342.611590476
7750,536845.394
7751,150092.705266667
7752,282132.774864069
7753,100067.213533333
7754,531313.285650555
7755,147564.394440659
7756,52442.1177333333
7757,308757.503890476
7758,104427.879109607
7759,149298.088055411
7760,651489.133157143
7761,155913.899438095
7762,502259.037033334
7763,488002.631633333
7764,406717.939866667
7765,103232.551257143
7766,245007.657466667
7767,340232.893833333
7768,109724.290845938
7769,338555.733346032
7770,274811.251425052
7771,153292.6178
7772,353601.173066667
7773,158490.127138462
7774,57550.0291285714
7775,239573.528612121
7776,237952.997461905
7777,470335.300563204
7778,117025.116028205
7779,62809.8242928572
7780,122335.499436508
7781,127131.641477114
7782,445031.174866667
7783,104379.398804762
7784,735319.841480952
7785,202919.835366667
7786,150528.445166667
7787,228172.246624908
7788,410851.502933333
7789,135737.020033333
7790,1008276.62173333
7791,86333.9207951271
7792,1079572.74976667
7793,136418.091568265
7794,219619.179104762
7795,2204990.89206667
7796,274127.562732988
7797,156892.626266667
7798,302220.256117949
7799,224250.114466667
7800,312461.2021
7801,277180.161708425
7802,160204.1412
7803,235710.511633333
7804,344994.994122222
7805,323804.921
7806,754939.855333333
7807,272030.086016667
7808,387970.812233333
7809,410565.201766667
7810,695558.865466667
7811,314120.153533333
7812,187444.810990476
7813,362667.655126316
7814,894213.0351
7815,2025881.63838485
7816,189901.256120635
7817,429308.951533333
7818,584542.733533334
7819,579952.606633333
7820,916944.512966667
7821,1070983.66556667
7822,205982.077569841
7823,126380.003385714
7824,381470.441380952
7825,127701.275652381
7826,378086.267166667
7827,186191.5948
7828,173199.809633333
7829,305375.341455556
7830,78204.5220356976
7831,182252.379445788
7832,254734.7098
7833,188810.350342857
7834,652295.782266667
7835,273762.446986558
7836,266271.151365079
7837,104510.225655556
7838,221471.2898
7839,63457.163715873
7840,456878.436966667
7841,156500.543104762
7842,202391.842671377
7843,418456.294266667
7844,916849.044885714
7845,777339.819966667
7846,35023.2151860286
7847,136986.585635714
7848,44121.0371003293
7849,348690.3188
7850,95830.4081
7851,129853.439449907
7852,95696.1872467533
7853,46565.0942904762
7854,93425.8330857143
7855,649595.126033334
7856,66891.8830082508
7857,216376.407933333
7858,325899.325266667
7859,271227.026112121
7860,201710.139533333
7861,600326.464
7862,114921.489323149
7863,98465.809
7864,106776.601866667
7865,313642.260703175
7866,264088.448352381
7867,181354.94271746
7868,272115.1666
7869,288133.268033333
7870,388589.233733333
7871,279509.745230303
7872,136212.085766667
7873,197085.001033333
7874,588003.13899899
7875,299127.333719048
7876,709573.094433333
7877,227741.513666667
7878,740818.090966667
7879,377135.664366667
7880,290313.518
7881,217424.684276191
7882,125189.888522222
7883,130345.46627316
7884,105376.050725153
7885,261008.8564
7886,74370.0855904762
7887,451756.810666666
7888,231445.377852381
7889,77133.2109011544
7890,105790.0505
7891,305094.194807843
7892,154594.7309
7893,359308.890644444
7894,97787.999765873
7895,812425.7209
7896,408598.954922222
7897,330009.118676923
7898,191577.6759
7899,83318.452552381
7900,162055.799961905
7901,1095151.1064
7902,207938.5977
7903,307389.354957143
7904,1008243.99416667
7905,106719.858061539
7906,210905.419333333
7907,288493.59792381
7908,202326.379866667
7909,196211.891433333
7910,260304.6921
7911,385505.35277619
7912,37259.4174242424
7913,590287.2797
7914,230015.487329814
7915,327607.058385348
7916,171718.904385714
7917,83506.5637333333
7918,212201.755
7919,967227.134342857
7920,330192.595366667
7921,309585.084542857
7922,143487.652766667
7923,352361.886462093
7924,505091.496566667
7925,212299.142666667
7926,111548.279133333
7927,191008.929918326
7928,243030.383522222
7929,140246.586847619
7930,183853.271125541
7931,231476.071866667
7932,352248.971666667
7933,512466.930752381
7934,485842.7458
7935,53344.1060667904
7936,332316.485271429
7937,283010.601651515
7938,102676.221256209
7939,56075.9759969697
7940,217430.792871428
7941,75058.1057327783
7942,222477.515549206
7943,299120.530785714
7944,379517.4042
7945,135968.133152381
7946,373832.452514286
7947,313737.196490476
7948,400325.117533333
7949,416682.265933333
7950,271169.351666667
7951,636830.972047619
7952,1013514.32683333
7953,191563.967766667
7954,127317.0821
7955,1025553.67123333
7956,491764.076766667
7957,178528.848333333
7958,230411.596997292
7959,134972.990957143
7960,287826.910248861
7961,189961.324366667
7962,162129.726733333
7963,96471.1762666667
7964,572528.742838095
7965,114752.899373016
7966,471166.480114286
7967,141185.051947619
7968,82956.7734401876
7969,372709.008233333
7970,85375.7464933333
7971,176212.343122222
7972,73940.0023269841
7973,140621.620644444
7974,74407.3983333333
7975,308033.195233333
7976,462992.912333333
7977,192616.7286
7978,200790.503336508
7979,52557.5102190476
7980,101171.584955556
7981,278563.730244444
7982,277603.545219048
7983,205443.406710568
7984,104997.996771429
7985,257111.190754546
7986,272486.870842424
7987,209717.312912393
7988,185418.456366667
7989,149499.28357619
7990,225985.057766667
7991,1216536.28818333
7992,258504.1061
7993,91756.8451800976
7994,850632.5006
7995,264024.655261905
7996,295490.092466667
7997,423105.484266667
7998,93132.8535058608
7999,368453.422866667
8000,1062791.32093333
8001,26004.5620777778
8002,213582.498238095
8003,995752.0419
8004,434429.689471429
8005,436094.388404762
8006,580375.652017316
8007,107291.024881674
8008,123167.357686464
8009,467046.507309524
8010,138012.921355556
8011,89432.0301923778
8012,347125.272788889
8013,245564.2872
8014,103559.549266877
8015,142679.332371429
8016,125381.508366667
8017,215197.5992
8018,291962.680466667
8019,232361.057166667
8020,222634.782622222
8021,625994.733566667
8022,35416.8007666667
8023,213317.289696992
8024,1578782.57173333
8025,42683.1441615385
8026,127448.001826316
8027,790445.269588889
8028,181925.2939
8029,118786.144219048
8030,263039.184681818
8031,206757.993804762
8032,486314.915733333
8033,662029.468919048
8034,146563.74557619
8035,282974.182233333
8036,1187225.25443333
8037,322269.443777778
8038,2161779.293
8039,51407.3887619048
8040,321367.567891138
8041,96256.3156134199
8042,459886.841644663
8043,328335.731938095
8044,212355.475145455
8045,151202.188847619
8046,144437.545408658
8047,271229.755066667
8048,329097.830220513
8049,70004.516650449
8050,439398.1927
8051,479870.140080953
8052,533223.8936
8053,209802.215794048
8054,129315.481897744
8055,89690.7425915344
8056,87135.0544666666
8057,76368.1209
8058,379068.935266667
8059,249132.640197835
8060,342903.211990476
8061,786178.611166666
8062,312687.986533333
8063,551170.4063
8064,463716.981666667
8065,1046053.55923333
8066,202081.170534811
8067,308094.461349206
8068,378252.848834921
8069,161119.1024
8070,185382.163188889
8071,197441.126033053
8072,275035.107466322
8073,727942.792233333
8074,45169.7966228592
8075,258021.965190476
8076,389073.655555556
8077,294946.508466667
8078,768645.713433334
8079,34875.8310095238
8080,86104.4289943723
8081,704263.220533333
8082,201290.075537363
8083,161391.47280202
8084,289930.887973183
8085,62933.8576441559
8086,335735.223190476
8087,223925.51336885
8088,246578.656985714
8089,363257.445630159
8090,291249.1504
8091,170504.519322222
8092,205460.015333333
8093,1008629.54243333
8094,271526.874238095
8095,130427.501158023
8096,43200.7759809524
8097,39852.4868753968
8098,278725.211166667
8099,99633.5579666666
8100,286011.099833333
8101,101432.096861539
8102,83768.7768333333
8103,84798.8640374848
8104,91136.6941259688
8105,685759.099280953
8106,1033643.18123333
8107,139447.8351
8108,219033.081448485
8109,225889.647695238
8110,84933.2512820513
8111,170192.225028571
8112,216220.239127561
8113,59513.2816528736
8114,176674.919528571
8115,398103.947987013
8116,640923.353608425
8117,246546.744733333
8118,434577.270533333
8119,155586.700233333
8120,245466.567301504
8121,153673.225922222
8122,773746.046133333
8123,259042.803622222
8124,178634.781080952
8125,812844.803276191
8126,66798.9866190476
8127,562710.014166667
8128,272167.862121212
8129,113751.036
8130,314989.915119048
8131,239294.777957143
8132,201003.109847619
8133,376421.932666667
8134,51515.6322416989
8135,1304751.75836667
8136,195253.174542857
8137,47136.8678108225
8138,310399.94070303
8139,38856.8403190476
8140,496649.1016
8141,168006.213861905
8142,65832.2632933062
8143,462918.408980952
8144,812862.290147619
8145,352137.909
8146,339420.142276191
8147,321608.149898168
8148,270711.6799
8149,867916.109252381
8150,312454.808835065
8151,371374.999833333
8152,912709.606433333
8153,218309.617687302
8154,247888.539874603
8155,174396.234966667
8156,223261.053966667
8157,236887.788906004
8158,179944.6644
8159,300251.796633333
8160,498303.104066667
8161,234391.809667033
8162,939986.230733333
8163,577407.3891
8164,178667.803025275
8165,482046.0284
8166,235608.511595671
8167,315563.6977
8168,383871.116200433
8169,223684.273
8170,88044.7457166667
8171,68600.149697558
8172,286098.275666667
8173,704281.902666666
8174,175407.822479853
8175,45425.945
8176,377565.077238095
8177,694789.0096
8178,487901.849452381
8179,208421.895855556
8180,703226.780019048
8181,64356.3272666667
8182,270786.496370329
8183,345538.685841026
8184,49166.82551662
8185,217248.359476191
8186,183132.46592381
8187,50197.0982666667
8188,300646.5308
8189,392167.832066667
8190,303239.039836816
8191,294951.639309524
8192,293212.928211111
8193,167439.481166667
8194,236778.978433333
8195,428850.320888889
8196,532659.793747619
8197,314682.33407619
8198,248913.481584615
8199,212015.0641
8200,724356.480166667
8201,140825.595133333
8202,214717.201257143
8203,83173.7956878788
8204,1391996.68086667
8205,302266.687866667
8206,307835.820533333
8207,278490.808066667
8208,236868.4439
8209,237434.285171429
8210,317779.762352381
8211,401104.394951282
8212,335906.4243
8213,197255.478420924
8214,272524.342888889
8215,260705.437633333
8216,613243.224766667
8217,292776.413
8218,347905.107614286
8219,1412502.09633333
8220,417404.981111111
8221,347128.3687
8222,294016.236214286
8223,146180.333395238
8224,722336.308133334
8225,147132.528633333
8226,130013.043333333
8227,341628.290090476
8228,271792.76537619
8229,363463.999622222
8230,104948.464133333
8231,388889.873633333
8232,304489.771480952
8233,184219.517031746
8234,31793.6967453769
8235,306631.3824
8236,80470.7529190476
8237,502384.276233333
8238,216980.935290476
8239,425898.369466667
8240,68758.998247619
8241,264258.680066667
8242,410342.471566666
8243,243975.467866667
8244,1059829.7829
8245,246561.73501342
8246,192994.310060806
8247,324350.8222
8248,210099.526890476
8249,324539.214746032
8250,278473.211068421
8251,444680.504733333
8252,274504.123115873
8253,156931.633592857
8254,222160.762666667
8255,1418315.0898
8256,360673.242533333
8257,187157.957609524
8258,431983.826083333
8259,741854.388733333
8260,516304.498042857
8261,303021.902844444
8262,226734.386309524
8263,130293.604252525
8264,227612.1398
8265,221080.334755555
8266,98278.5429438597
8267,1999884.362
8268,239882.674509524
8269,219167.8622
8270,152855.0725
8271,140401.576428334
8272,339060.553
8273,336330.126633333
8274,493768.814333333
8275,525008.3258
8276,244732.725142857
8277,218392.147007692
8278,769980.467
8279,342786.271366667
8280,198236.801264103
8281,313206.826633333
8282,218895.420630769
8283,388684.138077778
8284,138085.874825758
8285,223334.636823809
8286,320219.1571
8287,504290.995555556
8288,265370.121233333
8289,143807.222310831
8290,482838.942685714
8291,448753.445733333
8292,310989.304642857
8293,43700.7738155929
8294,466334.197866667
8295,119250.21627619
8296,86439.9107698052
8297,345710.8296
8298,253552.174492857
8299,258457.795747619
8300,724343.8746
8301,239917.280211111
8302,603628.203966667
8303,629152.217750794
8304,322134.3228
8305,514063.988366667
8306,758602.4129
8307,292548.727666667
8308,747921.009533334
8309,333364.144066667
8310,408473.32061746
8311,121410.644990476
8312,112147.324116667
8313,289901.821866667
8314,129754.688966667
8315,319054.466138095
8316,360468.086914286
8317,224369.930788073
8318,386969.694866667
8319,429168.346166667
8320,211705.9416
8321,214152.014333333
8322,485227.4606
8323,177115.3369
8324,272505.653066667
8325,102383.668623809
8326,85055.6989771043
8327,163062.8551
8328,140098.900325397
8329,154810.865038095
8330,310961.466214286
8331,571234.370138095
8332,150511.257285714
8333,93281.4840666666
8334,324495.641968276
8335,376676.483922711
8336,276711.2355
8337,276271.670923809
8338,178750.011155556
8339,165234.205680952
8340,202163.401366667
8341,161286.089366667
8342,942257.503466667
8343,164308.131261905
8344,289963.3705
8345,471777.036752381
8346,201265.055155556
8347,334119.405825397
8348,292709.014889376
8349,251289.203200433
8350,122347.648567766
8351,252957.874633333
8352,1144878.20233333
8353,160641.404690476
8354,267099.85652381
8355,258973.730866667
8356,518484.2984
8357,96105.1458666667
8358,319460.957861905
8359,95135.8535999999
8360,598903.908366667
8361,110380.365512101
8362,158807.318814286
8363,235701.750103175
8364,367194.053866667
8365,117253.985416667
8366,196304.171955678
8367,397903.657066667
8368,162293.609633333
8369,48076.6942518037
8370,280736.4193
8371,229146.252687879
8372,540830.3909
8373,295765.983466667
8374,255091.774842857
8375,492823.298816092
8376,250192.661333333
8377,328356.531315686
8378,112342.669247619
8379,294339.581366667
8380,1946260.91356667
8381,256679.4593
8382,269735.814304762
8383,312426.7922
8384,160008.1056
8385,59107.9431555555
8386,60801.0409446886
8387,178320.924366667
8388,182737.738860902
8389,230238.267609524
8390,460870.916566667
8391,642970.382966667
8392,474217.278566667
8393,115293.000147619
8394,350226.347784199
8395,375643.116242857
8396,139137.490385714
8397,184329.569133333
8398,498870.452984343
8399,283181.958006926
8400,68716.4401559845
8401,1048586.0768
8402,153775.681071428
8403,295985.2644
8404,143218.661533333
8405,375005.634866667
8406,89143.7457296296
8407,103785.102504762
8408,390796.749580952
8409,54762.3726241703
8410,330176.061819048
8411,171465.171015152
8412,234727.066401876
8413,235637.662452381
8414,273703.778466667
8415,318430.497133333
8416,428815.177166666
8417,178288.58181746
8418,218310.394130952
8419,230540.06797619
8420,24803.2319
8421,95880.0324
8422,182734.315210101
8423,307004.91532381
8424,367983.026873016
8425,181315.124664868
8426,109099.059728154
8427,1245974.19436667
8428,127690.574941758
8429,279172.019933333
8430,250944.445866667
8431,334834.670266667
8432,650307.3359
8433,231253.3093
8434,268624.0648
8435,149702.064069048
8436,225917.495571429
8437,346957.842815686
8438,131098.080166667
8439,416517.98875
8440,197659.882004762
8441,157892.942387179
8442,330611.887071429
8443,94107.3200333333
8444,423170.595909524
8445,164237.039695238
8446,413512.443766667
8447,393443.501131078
8448,187335.279452381
8449,259305.046219608
8450,100774.265377778
8451,115629.638536413
8452,148991.806892961
8453,268497.606852381
8454,281470.951915751
8455,346128.910866667
8456,1165204.706
8457,93428.5052223776
8458,928841.291333334
8459,142360.814117582
8460,592512.310888095
8461,100931.765966667
8462,176508.790746779
8463,241651.812788889
8464,329730.916490476
8465,329523.209133333
8466,146837.954845299
8467,363589.56763492
8468,250020.028295238
8469,162120.698466667
8470,381225.224057143
8471,155409.140474315
8472,567648.4105
8473,331723.146561905
8474,111001.107122222
8475,170043.444938095
8476,175433.111064724
8477,300606.425842857
8478,290947.400066667
8479,401950.302766667
8480,149795.701161472
8481,213569.196670027
8482,98340.2725857143
8483,155227.5477
8484,287502.764066667
8485,608315.608433333
8486,253195.3578
8487,894341.938995238
8488,380336.7543
8489,1028224.64813333
8490,1164031.13270513
8491,604962.958548485
8492,201679.204955556
8493,68784.0276113553
8494,159802.660840469
8495,250967.752533333
8496,193706.896155852
8497,198484.872766667
8498,189207.648862382
8499,283829.121778571
8500,385649.870233333
8501,305771.1821
8502,188315.639566667
8503,340614.4432
8504,388375.751823809
8505,70622.3554333333
8506,618033.4507
8507,47583.4285985348
8508,79336.8132647619
8509,525242.591966667
8510,393517.423255556
8511,200709.171942857
8512,205442.7974
8513,649614.8497
8514,77983.5552372294
8515,280870.882295238
8516,546569.29525
8517,226469.785933333
8518,144824.095928283
8519,386312.105866667
8520,432188.240289636
8521,474139.1714
8522,133749.781376923
8523,226700.103366667
8524,230662.176333333
8525,86782.3473222222
8526,153683.34627619
8527,59669.1698788656
8528,301314.521
8529,227425.777197258
8530,269756.878533333
8531,528104.690076191
8532,823700.690922222
8533,311888.950079272
8534,423606.1431
8535,433051.5399
8536,139984.274185354
8537,153423.5012
8538,213211.909588889
8539,1292606.0928
8540,787227.2167
8541,451340.529
8542,758096.008466667
8543,156538.096209091
8544,35904.6001445868
8545,183176.709037662
8546,291459.661424743
8547,101062.680909524
8548,1313963.79155128
8549,154116.635433333
8550,638203.883966667
8551,212190.30519304
8552,134485.435380952
8553,765414.6634
8554,383527.111555555
8555,479831.6911
8556,220766.49967381
8557,105942.975236364
8558,530865.494
8559,332124.026685714
8560,879443.124299999
8561,51436.0366
8562,388776.276635714
8563,243632.562533333
8564,321822.32132381
8565,322307.781966667
8566,127959.940866667
8567,125132.434711905
8568,181899.7881
8569,1000796.05733333
8570,409280.236166667
8571,1158595.29133333
8572,357567.508264844
8573,108188.781310678
8574,166930.712594771
8575,97167.3266333333
8576,168776.4977
8577,136419.281042424
8578,409374.136666667
8579,450965.056066667
8580,513845.830609524
8581,34453.9996385927
8582,297760.732534109
8583,42959.9466738095
8584,155278.808178675
8585,321728.810833333
8586,277291.555
8587,137111.184980519
8588,110273.973866667
8589,270823.513533333
8590,83953.4306952381
8591,107257.917366667
8592,185543.935333333
8593,147661.233633333
8594,181518.576519048
8595,105000.604866667
8596,690219.770377778
8597,511528.782085714
8598,323052.647085714
8599,98322.0226666667
8600,660002.066757143
8601,96697.5760666667
8602,266886.235763492
8603,159914.689414286
8604,207325.058620802
8605,126561.038695238
8606,390475.8653
8607,208820.886133333
8608,255437.988281319
8609,175676.050466667
8610,214272.252633333
8611,257065.867914286
8612,214610.106224542
8613,103454.517619048
8614,209198.491047619
8615,83182.2678082509
8616,140713.275733333
8617,381125.186466667
8618,203406.120980952
8619,468339.1346
8620,692136.7601
8621,245357.042404762
8622,100465.242609524
8623,186268.775719048
8624,374894.19050303
8625,181708.370611172
8626,196483.041945959
8627,173026.484163636
8628,232233.497514286
8629,92695.0730619047
8630,125974.507768831
8631,155683.845347619
8632,119462.102871429
8633,72205.7956242424
8634,232317.108303175
8635,674397.882933333
8636,682442.8515
8637,262793.688933333
8638,181101.801
8639,221315.782433333
8640,71648.7573666667
8641,275257.832204762
8642,329664.609766667
8643,295978.386433333
8644,301907.154466667
8645,104723.454292063
8646,431130.296288889
8647,226887.257480952
8648,1456286.05954444
8649,301512.243266667
8650,103633.727666667
8651,479871.486052381
8652,51482.9756190476
8653,822381.114809524
8654,131760.424315385
8655,800744.8697
8656,346826.3813
8657,266664.719190843
8658,278276.414966667
8659,1303473.71708571
8660,86779.3633333333
8661,154681.593325641
8662,148296.098668831
8663,410635.063606349
8664,393102.554633333
8665,190994.924052381
8666,1153353.28913333
8667,213260.714872727
8668,1096506.12673333
8669,265924.9418
8670,582595.483511111
8671,265770.791226065
8672,245661.5516
8673,209664.198882817
8674,77494.0418904762
8675,491093.000271428
8676,194962.227376942
8677,108629.210587061
8678,389635.6875
8679,86223.2232878788
8680,412121.557652381
8681,680230.9569
8682,421103.402030769
8683,203550.210344613
8684,162671.653666667
8685,422917.43943492
8686,788954.201338095
8687,1195457.545
8688,938480.106465079
8689,141405.491373016
8690,107531.20339479
8691,1455067.57726667
8692,306027.255566667
8693,72605.9911761905
8694,260057.965933333
8695,486569.387439069
8696,304075.602671428
8697,500020.074787879
8698,99823.1547380952
8699,436583.553516666
8700,174248.204266667
8701,153311.917733333
8702,113691.971985714
8703,291652.518649206
8704,349519.3097
8705,229079.999133333
8706,248288.1135
8707,294129.386
8708,62539.7203348485
8709,247654.559367965
8710,242320.361490476
8711,601730.167248485
8712,101678.483833333
8713,428369.579359524
8714,136773.485714896
8715,322221.795766667
8716,435346.100452381
8717,238251.504728572
8718,318964.793233333
8719,41046.6326889822
8720,198721.4234
8721,143026.873066667
8722,340735.677514816
8723,42201.99235
8724,316242.408701588
8725,594220.722833333
8726,475930.092015152
8727,114143.417007937
8728,244397.0941
8729,365401.655562604
8730,138422.339083983
8731,211464.883338095
8732,285193.141733333
8733,166065.2736
8734,300653.5379
8735,426360.528266667
8736,105666.780938095
8737,212329.4205
8738,149144.985819048
8739,189090.830366667
8740,370657.61875
8741,240563.0242
8742,893500.0825
8743,198605.620539394
8744,99379.9800666666
8745,171025.827788889
8746,240676.144733333
8747,1053859.58176667
8748,435618.469319048
8749,240739.460955555
8750,430272.513733333
8751,289471.123252381
8752,242861.535229293
8753,605286.548466667
8754,1028977.58825714
8755,124136.926433333
8756,305710.392442857
8757,153837.056528571
8758,161779.693587302
8759,1333327.38250513
8760,702986.903038095
8761,190817.546119084
8762,231751.717561905
8763,155164.149433333
8764,163832.002747619
8765,374870.236333333
8766,137657.635039216
8767,347420.870833333
8768,265087.647833333
8769,1295682.53146667
8770,455282.246833333
8771,89375.4756800977
8772,145027.5138
8773,129578.366115873
8774,145490.179833333
8775,217154.82655873
8776,398841.962266667
8777,223694.762166667
8778,91083.8939809524
8779,145783.062148352
8780,174001.781258875
8781,412288.808565079
8782,137657.790266667
8783,24525.6655419285
8784,197994.314221212
8785,692816.988833333
8786,303879.785207936
8787,189078.585841905
8788,101494.904533333
8789,283749.515490476
8790,203790.438649373
8791,106398.200011111
8792,273862.450515152
8793,83579.3932615385
8794,198306.938504762
8795,91253.9603868132
8796,190669.41252684
8797,278027.283866667
8798,75336.8249757576
8799,212639.206966667
8800,102683.208519048
8801,209684.743214286
8802,116839.943414286
8803,876641.528066667
8804,412162.838361905
8805,171550.708352381
8806,61085.5420287582
8807,976074.07942381
8808,342949.674161905
8809,247514.8642
8810,315603.9464
8811,598911.700033333
8812,465040.3678
8813,254613.182366667
8814,348449.08605
8815,150414.267790476
8816,857204.674566666
8817,228339.912466667
8818,564889.79327619
8819,27809.2877487179
8820,660555.072433333
8821,1786019.53346667
8822,195236.491319048
8823,457067.995066667
8824,82275.3583
8825,89152.1392619048
8826,203189.27902381
8827,247355.470133333
8828,30738.0957326507
8829,309358.168925397
8830,335660.339847619
8831,251678.802833333
8832,162495.5791
8833,96365.3492850202
8834,29600.7453222222
8835,68378.5791428572
8836,219690.960961905
8837,413820.582963492
8838,362218.414961905
8839,213630.128344444
8840,124793.752
8841,89756.9528238095
8842,373292.9621
8843,50094.0633507937
8844,196053.292479365
8845,133896.5936
8846,490107.614266667
8847,307552.909174603
8848,1169341.83158095
8849,253403.946119048
8850,203300.064366667
8851,288495.730590476
8852,197120.435528938
8853,398736.714133333
8854,230943.590933333
8855,550089.807909524
8856,212987.311622078
8857,138950.076733333
8858,333621.970066667
8859,398654.445366667
8860,212496.9663
8861,211388.363380952
8862,318849.1657
8863,255868.624546032
8864,323498.856733333
8865,158544.990849454
8866,82853.5221090909
8867,107920.10587619
8868,181690.515828571
8869,210756.668785714
8870,258638.744633333
8871,167054.010728571
8872,714534.4977
8873,251088.734085714
8874,348838.786133333
8875,134487.680159707
8876,235989.19245
8877,1242577.55456667
8878,209105.173638095
8879,436637.766166667
8880,298995.405644444
8881,216050.700709812
8882,159086.052233333
8883,201195.083566667
8884,311361.579733333
8885,227313.5456
8886,352204.648333334
8887,226831.523976191
8888,428001.7115
8889,304653.167680952
8890,99089.7593920635
8891,300168.671514286
8892,264640.6466
8893,476586.930366667
8894,269175.137233333
8895,272985.453284127
8896,298443.36955311
8897,159697.4782
8898,231952.811733333
8899,226992.239203175
8900,164342.589419048
8901,494097.456448718
8902,985490.856533333
8903,138619.692772727
8904,140516.253901754
8905,750258.852185714
8906,63334.8297666667
8907,175670.7844
8908,621829.176195238
8909,260777.454538462
8910,307025.075026711
8911,79117.7600047619
8912,162851.05152674
8913,73620.3305666667
8914,304185.554477778
8915,102860.801457143
8916,181865.1854
8917,146570.803512121
8918,134279.737325641
8919,353486.079128571
8920,90688.4063857143
8921,79733.659252381
8922,566508.286366667
8923,359159.859933333
8924,168769.301968627
8925,284890.407366667
8926,146960.148633333
8927,305071.225195238
8928,143853.800266667
8929,196444.9854
8930,74819.7243952381
8931,190208.007685867
8932,106975.238116017
8933,317538.821542857
8934,283738.086566667
8935,276467.642204762
8936,294769.953266667
8937,102054.204433333
8938,77571.4348857143
8939,329891.595266667
8940,235962.301440523
8941,443244.6254
8942,740517.843
8943,112398.091953846
8944,263944.748214286
8945,526449.2906
8946,112146.767943024
8947,295625.900045238
8948,346716.943566667
8949,339253.640733333
8950,362670.885933333
8951,91543.265302886
8952,213639.914746032
8953,810230.062133334
8954,148122.1272
8955,482562.886866667
8956,126578.261866667
8957,632599.869528571
8958,158644.47065
8959,74140.5173
8960,136241.963238095
8961,170549.524952381
8962,755786.975609524
8963,185770.4129
8964,127870.266366667
8965,355063.079733333
8966,248471.297733333
8967,236587.549166667
8968,532218.6109
8969,763216.68805
8970,256383.627051282
8971,512254.132420635
8972,370405.308133333
8973,190076.176257143
8974,121473.113350794
8975,251973.759033333
8976,302721.238293795
8977,494907.674322222
8978,903050.6418
8979,133456.238833333
8980,298269.013866667
8981,335808.9701
8982,1569584.6027
8983,583619.165931746
8984,229280.264143783
8985,568491.43785873
8986,275594.521639216
8987,138557.398
8988,231156.194909524
8989,550306.901
8990,861883.085086869
8991,76506.9169301587
8992,1203601.43543333
8993,230778.170420346
8994,290895.589233333
8995,334028.411695238
8996,378322.554366667
8997,271334.136723809
8998,145081.117988889
8999,253219.78872381
9000,166611.573220106
9001,303567.757677778
9002,46424.1320571429
9003,306527.1713
9004,310211.282290476
9005,261017.572966667
9006,283957.325766666
9007,142609.508436508
9008,222720.316366667
9009,427226.859777778
9010,71212.4066988095
9011,279674.2588
9012,69897.4360261905
9013,54155.5398333333
9014,122712.162928571
9015,159520.503600433
9016,362943.169
9017,666571.985866667
9018,235497.821621212
9019,226777.792479365
9020,350541.074661905
9021,59707.2051663004
9022,41338.2320523809
9023,292520.03757619
9024,139708.746604762
9025,232943.1774
9026,595947.126833333
9027,618154.939866667
9028,342184.078533333
9029,201984.964157143
9030,193710.445333333
9031,133609.933042857
9032,76689.9559199134
9033,297828.920771429
9034,740830.125680953
9035,143762.143585714
9036,359977.202231746
9037,95978.5277416666
9038,351922.750975758
9039,403022.58465
9040,121813.0012
9041,164689.687500501
9042,408577.490588889
9043,172594.854606349
9044,98132.1081677249
9045,531169.180747619
9046,630340.136742857
9047,234647.391566667
9048,268294.751753968
9049,346407.348871429
9050,131482.088604762
9051,303938.236533333
9052,498700.177942857
9053,751043.5995
9054,275745.912761905
9055,2228407.76446667
9056,324716.428177778
9057,122034.693834045
9058,698504.1832
9059,485521.420408802
9060,221808.159066667
9061,698679.451766666
9062,320075.9605
9063,588874.806968254
9064,732829.198533333
9065,177050.541042857
9066,1466976.2395
9067,203923.639783333
9068,233954.627609524
9069,313390.7483
9070,162208.34037619
9071,184444.811566667
9072,253357.098255556
9073,175634.008988889
9074,126336.2949
9075,47680.3077047619
9076,123878.495666667
9077,483755.722333333
9078,62861.9759888889
9079,145093.956522222
9080,623752.225411111
9081,1413733.05406667
9082,462833.866833333
9083,300404.8058
9084,670546.575533334
9085,121887.451142857
9086,211932.676825
9087,286370.19504359
9088,220251.727966667
9089,275514.988594118
9090,404342.426266667
9091,96146.8939604257
9092,298090.410366667
9093,255277.950066667
9094,331290.906466667
9095,314319.990533334
9096,253763.625211905
9097,97296.3090333334
9098,153574.465558442
9099,1156674.7182
9100,205125.7527
9101,130290.686214286
9102,303006.8947
9103,367401.199466667
9104,456780.618966667
9105,67739.2369190476
9106,213229.078807937
9107,98912.1972333334
9108,145801.769177778
9109,426826.199033333
9110,215477.014054437
9111,118766.659819913
9112,160950.006696825
9113,323754.299928572
9114,388828.322336364
9115,597170.646809524
9116,291053.356816826
9117,155222.814109711
9118,457125.7393
9119,154639.913321212
9120,635520.944166667
9121,321172.870177778
9122,197176.255184993
9123,296353.5204
9124,145931.473088889
9125,80860.2808813797
9126,353621.520633333
9127,195791.153447619
9128,642641.242166667
9129,659631.938266667
9130,244453.566595238
9131,971381.7593
9132,169221.316969353
9133,158254.90107619
9134,206763.783852525
9135,214795.530377778
9136,358606.675762771
9137,749146.029333333
9138,241486.965544444
9139,268877.873723809
9140,185096.653033333
9141,137589.961557143
9142,520153.163033333
9143,720894.138033333
9144,184497.445166667
9145,127599.167419791
9146,206250.321040475
9147,862551.178466667
9148,77096.1443672821
9149,229002.411
9150,115922.577824176
9151,206663.484797763
9152,249686.931283333
9153,200792.271523809
9154,430415.7811
9155,243329.421622619
9156,156868.840314286
9157,496946.387747619
9158,51450.3630411413
9159,624010.675571429
9160,520868.111266667
9161,33680.3854806586
9162,41189.5803520924
9163,607504.636228572
9164,199406.928442857
9165,483043.204066667
9166,312919.276484127
9167,258343.980485137
9168,218133.266411905
9169,254200.32028254
9170,117022.525933333
9171,357567.190909091
9172,191184.1715
9173,68532.5911092732
9174,303213.581966667
9175,253464.7094
9176,70985.9884666667
9177,171889.5097
9178,382338.509666667
9179,419856.477566667
9180,148329.60040303
9181,244132.892239394
9182,325452.134533333
9183,466030.076257143
9184,48808.3984
9185,158610.372747619
9186,104163.695279365
9187,105340.415234432
9188,103133.534555556
9189,95927.8327333334
9190,194207.528238095
9191,285809.8739
9192,950357.800080952
9193,1661390.71466407
9194,89823.4448809524
9195,755070.643585714
9196,925641.723299999
9197,355544.314633333
9198,349767.914466667
9199,154010.222396825
9200,1291865.7159619
9201,147782.8477
9202,315631.312249206
9203,71517.826004762
9204,582904.718047619
9205,246404.054966667
9206,151349.727942857
9207,276677.2815
9208,289649.023290476
9209,358212.414457143
9210,363129.852333333
9211,103627.972314286
9212,342347.1525
9213,109339.852771429
9214,256538.897233333
9215,165277.812896537
9216,388759.3619
9217,408335.605525397
9218,101937.967433333
9219,312713.362432468
9220,282273.598457143
9221,234745.45387619
9222,98777.0221428571
9223,275515.060966667
9224,131776.663866667
9225,51172.4033761905
9226,102002.449256777
9227,481257.152309524
9228,799796.884
9229,346437.666511111
9230,241765.3505
9231,188334.704080087
9232,46892.1222544974
9233,373053.452866667
9234,278657.019333333
9235,50034.290972583
9236,743397.490333333
9237,276424.957480952
9238,144174.710461905
9239,810883.549133333
9240,177555.421681685
9241,1078990.753637
9242,90489.1282015873
9243,707583.333552381
9244,1027563.4061
9245,1192572.49883333
9246,359676.6981
9247,105053.878345378
9248,993957.622899999
9249,206258.715721667
9250,296280.748433333
9251,130485.7885
9252,300345.6283
9253,384229.10991685
9254,123280.824980952
9255,49889.4532666667
9256,67232.7309011905
9257,301453.8596
9258,82516.4271165945
9259,833855.434033333
9260,105659.072533333
9261,159626.606433333
9262,217973.784933333
9263,190183.097451659
9264,473600.606273626
9265,637555.157133333
9266,221758.378428571
9267,358155.603833333
9268,117886.827892064
9269,328558.824766667
9270,207419.605803667
9271,430467.041333333
9272,213214.3583
9273,260241.92545641
9274,1179003.37876667
9275,443356.536978355
9276,116505.0577
9277,269278.067985714
9278,1105682.72708095
9279,277544.656025974
9280,100784.476811111
9281,749655.079666666
9282,86291.8030666667
9283,162496.724565774
9284,461308.670733333
9285,399506.97052381
9286,92411.0291692307
9287,216834.5783
9288,198992.446314286
9289,1047507.30583333
9290,161477.829659524
9291,107973.391850818
9292,330322.94674127
9293,82662.448495671
9294,123318.915166667
9295,209803.271591667
9296,134011.977508425
9297,805407.207790476
9298,286237.54670303
9299,184261.624252381
9300,230745.303109057
9301,202761.972604762
9302,129065.089633333
9303,327365.187763492
9304,346777.645466667
9305,900562.899411111
9306,190093.422259649
9307,262759.295761905
9308,118764.956341192
9309,658975.602780952
9310,224389.240290476
9311,634977.951733333
9312,228384.85202785
9313,125982.253312587
9314,246200.27244127
9315,299104.120933333
9316,270521.733502381
9317,659875.592533333
9318,41222.9612974359
9319,21060.7308139361
9320,150635.1782
9321,354399.108139249
9322,1298800.39973333
9323,636980.677166667
9324,222435.7402
9325,83012.1675197803
9326,234004.5485
9327,110672.730957143
9328,235423.008857143
9329,1014457.66157619
9330,152757.583266667
9331,114730.511211966
9332,294171.4272
9333,230088.826709524
9334,174484.789739683
9335,321328.242666667
9336,182103.485380952
9337,276661.602685714
9338,678370.672133333
9339,853814.2586
9340,737162.8134
9341,159672.6490896
9342,248607.8499
9343,157668.281967965
9344,347702.842966667
9345,204801.013966667
9346,500377.166290476
9347,112587.166885714
9348,179063.436966667
9349,165148.650104396
9350,138815.894302937
9351,1127909.75722727
9352,231394.128
9353,429276.288233333
9354,220407.345044444
9355,788613.631333333
9356,406898.283255556
9357,147501.557
9358,135375.934233333
9359,203050.353595238
9360,763390.653066667
9361,354204.4615
9362,543769.674745455
9363,179647.268119048
9364,80431.1097539682
9365,250578.788047619
9366,115067.275387446
9367,332214.9287
9368,229691.780814286
9369,86385.1650155844
9370,148578.582624542
9371,214974.816689523
9372,123460.493433333
9373,163503.257719048
9374,167773.009070996
9375,197830.3261
9376,577583.8231
9377,642244.713092308
9378,259857.107222222
9379,32640.260129798
9380,60539.4159954249
9381,393800.069033333
9382,195898.196085714
9383,97225.056147619
9384,220750.107980952
9385,125354.577046176
9386,280408.460847619
9387,147387.001329149
9388,421942.721033333
9389,115477.538333333
9390,609868.220966667
9391,113219.4855
9392,88012.8676904762
9393,303251.110055555
9394,830179.632611111
9395,220239.467371429
9396,256988.366928571
9397,376960.191504762
9398,178262.128480952
9399,124964.737457071
9400,429364.036019048
9401,425027.907753247
9402,524916.339733333
9403,218202.041234921
9404,802809.835630519
9405,101523.76019495
9406,483356.004133333
9407,337929.123009524
9408,367500.813433333
9409,77487.9026444445
9410,523192.440666667
9411,199091.142557143
9412,250414.484166667
9413,224287.422466667
9414,331835.913933333
9415,302870.578538095
9416,334598.271065812
9417,263180.9864
9418,130751.835490476
9419,874905.7112
9420,584951.426833333
9421,103255.768666667
9422,260172.919166667
9423,47788.2874190476
9424,88107.7913904762
9425,49811.7527589743
9426,142389.366684704
9427,251083.661633333
9428,138868.593480952
9429,701681.901
9430,53014.4496233766
9431,186996.465919625
9432,360910.8477
9433,2333678.80613333
9434,736572.985147619
9435,452564.436229548
9436,635651.355633333
9437,124263.3636
9438,42618.677434127
9439,228405.937374603
9440,112593.396852381
9441,736737.032485714
9442,119954.728947619
9443,154164.660616667
9444,237074.083709524
9445,149058.537452381
9446,133005.402333333
9447,256790.107433333
9448,167461.324533333
9449,507611.429025108
9450,182777.955537607
9451,601790.0307
9452,315028.9772
9453,462684.498983333
9454,487641.22489394
9455,197336.444755555
9456,263253.644166667
9457,170887.194915873
9458,531831.676523809
9459,380073.948747619
9460,310944.638474359
9461,896331.4018
9462,82953.4693285603
9463,468702.648261905
9464,110644.521133333
9465,271794.968466667
9466,67498.5602571429
9467,783674.660180953
9468,492530.646233333
9469,448285.507157143
9470,872813.429366667
9471,287754.002947619
9472,157385.472594417
9473,213343.343933333
9474,127428.758066667
9475,132734.472815385
9476,109697.328446032
9477,744043.8196
9478,281512.0597
9479,93097.6773564935
9480,289141.426933333
9481,172157.427133333
9482,479955.899733333
9483,590016.017144445
9484,164003.2598
9485,124549.057685714
9486,146061.476488889
9487,1853609.8782
9488,299340.690733333
9489,137727.969319048
9490,187112.228166667
9491,243702.755866667
9492,159819.781957143
9493,190607.694904762
9494,266531.980011905
9495,340709.863357143
9496,258995.826255555
9497,331332.622106349
9498,169734.452174772
9499,142526.993710101
9500,133350.316330292
9501,119581.416709524
9502,474778.517647619
9503,392251.804023809
9504,181973.279922781
9505,238127.190041758
9506,148095.451272829
9507,272220.103733333
9508,225623.712
9509,293273.490114286
9510,272833.090151515
9511,200272.647428571
9512,237324.720147619
9513,196234.193366667
9514,132336.640821356
9515,380887.634333333
9516,40301.1430039216
9517,267914.914452381
9518,401050.459966667
9519,690220.509123809
9520,329199.267944444
9521,207571.215988645
9522,38181.1525732535
9523,89340.6062484848
9524,193695.7239
9525,725765.968
9526,272852.020030769
9527,231059.002933333
9528,363572.247757576
9529,343201.561971429
9530,461849.903233333
9531,692204.412266667
9532,302241.5243
9533,416846.929246154
9534,293049.9078
9535,91530.068144697
9536,92530.847677193
9537,201684.926544444
9538,276644.451283333
9539,117937.301383333
9540,327682.0439
9541,218553.793911111
9542,660270.268266667
9543,233543.177593939
9544,265718.687690476
9545,442723.290333333
9546,210695.28477619
9547,45737.6803554272
9548,345339.242947619
9549,263492.723466667
9550,116857.535266667
9551,91351.9700137903
9552,738304.753966667
9553,290561.2255
9554,79507.6150920635
9555,216434.825571429
9556,169969.366934199
9557,238492.36681746
9558,94947.5042
9559,576132.702066666
9560,245287.156833333
9561,213942.039386447
9562,196744.962104762
9563,93736.3543666667
9564,194361.0868
9565,239164.327055556
9566,64735.6559333334
9567,217889.396633333
9568,264104.520133333
9569,324801.300060317
9570,315133.272363636
9571,107710.397009524
9572,176842.808252381
9573,233140.584766667
9574,493724.170394139
9575,177875.814246201
9576,228200.625366667
9577,1015923.40933333
9578,141078.108266667
9579,136508.934338095
9580,56011.664621645
9581,481626.576166667
9582,192590.95252563
9583,440685.263766667
9584,258521.306746032
9585,316415.9876
9586,200825.339136142
9587,137058.670514286
9588,152745.55818779
9589,728605.763833333
9590,226676.70758254
9591,186081.5247
9592,163343.064242857
9593,269985.288633333
9594,400149.500542857
9595,132208.154139625
9596,347614.965
9597,196992.800133333
9598,291904.180557143
9599,99811.4025285714
9600,610209.451577778
9601,114996.8023
9602,220504.071009524
9603,493308.227880952
9604,158871.264305628
9605,91399.2305
9606,921030.333033333
9607,361333.802833333
9608,202806.917395238
9609,97201.0933115152
9610,182717.447111111
9611,508549.54534127
9612,294240.992621212
9613,104618.207574026
9614,209461.237328571
9615,186697.802333333
9616,749292.589733333
9617,185799.007855555
9618,194090.869067277
9619,179678.614888889
9620,400252.216166667
9621,207708.399433333
9622,191326.100985714
9623,122136.3471
9624,363687.407433333
9625,346604.611766667
9626,592454.682278788
9627,273276.676538095
9628,673444.947703922
9629,118355.503995238
9630,354246.750166667
9631,525931.199666667
9632,1710004.35763333
9633,57499.1579777778
9634,244705.914366667
9635,386552.7627
9636,440059.431666667
9637,127576.4745
9638,96599.4251333333
9639,395504.0621
9640,351618.579872222
9641,375995.767304762
9642,144526.561374603
9643,218774.423501732
9644,542562.3497886
9645,219766.3308
9646,301998.415690476
9647,461245.025942657
9648,315630.571433333
9649,115946.9457
9650,147019.9818
9651,214785.805133333
9652,213486.921066667
9653,367034.2552
9654,200208.588897403
9655,184288.832738095
9656,380988.1775
9657,3265175.39833333
9658,100399.608233333
9659,308546.027357143
9660,1729862.98826667
9661,203830.4961
9662,173273.133325397
9663,336687.953266667
9664,197547.358161905
9665,179005.595033333
9666,928758.733033334
9667,300940.901666666
9668,219434.091233333
9669,275978.264639216
9670,137583.84062963
9671,484121.031542857
9672,356748.247661905
9673,268077.077049758
9674,127794.232780952
9675,203120.677666667
9676,192430.855766667
9677,162038.566023077
9678,272952.588585714
9679,212781.57328759
9680,112124.673271062
9681,339389.505
9682,351355.6653
9683,335026.487666667
9684,261422.939666667
9685,149510.507910084
9686,198413.461276768
9687,296534.376385714
9688,437422.369785965
9689,296487.577284149
9690,257235.227866667
9691,177196.26908073
9692,204597.39461634
9693,66559.4119666667
9694,335970.3639
9695,226531.900433333
9696,177638.95045861
9697,122965.5714
9698,1101574.5477
9699,182008.55326956
9700,417658.758066667
9701,175378.163560606
9702,85103.8066959707
9703,335866.229266667
9704,47593.2900214286
9705,245576.050033333
9706,149611.2336
9707,1170354.5356381
9708,100616.139485714
9709,48531.0624333333
9710,90319.0881818182
9711,160413.685344444
9712,1545186.75266667
9713,104565.540241558
9714,131914.56012963
9715,194215.240373993
9716,327900.569553846
9717,274722.933957143
9718,280614.107790476
9719,148477.922222222
9720,221368.6887
9721,152217.619533333
9722,167144.304745938
9723,84124.2554833333
9724,312431.276333333
9725,110563.2368
9726,130996.979428205
9727,166787.238414286
9728,215285.950833333
9729,280670.387788799
9730,386077.062909524
9731,114025.03738315
9732,157341.019914286
9733,313182.3097
9734,186245.094366667
9735,819833.709685714
9736,194958.2716
9737,455939.233352381
9738,309585.4945
9739,573457.002666667
9740,374283.795633334
9741,159106.104166667
9742,193860.127469231
9743,155003.4015
9744,659079.254869697
9745,304028.994404762
9746,549143.9228
9747,185324.45548
9748,347058.387333333
9749,233720.248
9750,149386.951892574
9751,372655.027366667
9752,152125.59947619
9753,306797.981833333
9754,393856.804666667
9755,266861.976414956
9756,213193.809880952
9757,350526.378422222
9758,104497.615442857
9759,118730.307966667
9760,80265.316434632
9761,105087.236454545
9762,187881.227343723
9763,126579.0861
9764,137844.494377778
9765,309615.7622
9766,135920.396527139
9767,238692.909917677
9768,341761.1764
9769,415009.746019048
9770,233659.657335088
9771,807320.1189
9772,276682.386080952
9773,396929.712169963
9774,226248.679275
9775,169113.397061183
9776,82753.8956102564
9777,132189.2547
9778,313856.903709524
9779,182673.673333333
9780,696908.264646032
9781,89865.6724
9782,628013.217766667
9783,124770.603655411
9784,700234.321594444
9785,276798.658466667
9786,379195.914542857
9787,118756.862019048
9788,207814.697033333
9789,131191.440788889
9790,175542.8387
9791,324992.1391
9792,305457.219766667
9793,322779.49112381
9794,1438150.74243333
9795,212344.463233333
9796,470650.709233333
9797,138695.48495
9798,116905.563266667
9799,287977.055666667
9800,345960.543533333
9801,341014.212842857
9802,497506.545088889
9803,539256.70728335
9804,312530.149433333
9805,353449.501704762
9806,243246.293051282
9807,248472.908655556
9808,109841.245433333
9809,460655.861433333
9810,63807.0510666667
9811,202416.613584993
9812,245544.9027
9813,178256.58799697
9814,270468.679228571
9815,207602.845296825
9816,169609.039498319
9817,176553.011906061
9818,182557.278533333
9819,528854.539422222
9820,123746.028690476
9821,130636.337871429
9822,203023.065885714
9823,629108.499647619
9824,620080.038666667
9825,1102407.8367
9826,271603.077347619
9827,343579.3475
9828,214768.120333333
9829,290279.0306
9830,136195.5414
9831,43611.0264327673
9832,350135.730633333
9833,140599.987830159
9834,251681.741116203
9835,303122.113266667
9836,260539.863119048
9837,180961.636620635
9838,149424.9123
9839,185489.719533333
9840,121539.459781818
9841,148833.689767974
9842,320688.517395238
9843,1248915.77805238
9844,432549.657833333
9845,499406.9817
9846,209857.587527451
9847,38400.6891920635
9848,534883.386833333
9849,190348.641133333
9850,1176204.04785128
9851,162857.434
9852,167853.9923
9853,307384.943157143
9854,224523.263953846
9855,250248.129042857
9856,228450.8708
9857,324391.921907359
9858,376756.755738095
9859,303699.966091919
9860,929810.1918
9861,85896.4650727273
9862,606211.377766667
9863,114072.8452
9864,71468.9106
9865,264592.703927214
9866,403798.65157619
9867,159672.957833333
9868,430341.774683333
9869,365880.850566667
9870,318588.382066667
9871,170860.02425368
9872,50875.6216777778
9873,364593.741066666
9874,249872.908680952
9875,418139.621509524
9876,262213.095598169
9877,554545.981833333
9878,576579.873247619
9879,97467.6153333333
9880,128037.089966667
9881,113730.027228571
9882,223362.273804762
9883,378189.549777778
9884,395587.444747619
9885,47083.0414148148
9886,264700.4844
9887,882339.014266667
9888,249467.719190476
9889,265499.4725
9890,424139.592585714
9891,1468136.10686667
9892,798226.251261905
9893,131231.406807504
9894,171194.751122988
9895,811333.2537
9896,692571.793466667
9897,267676.007733333
9898,50878.3879582362
9899,118360.394766667
9900,353886.7104
9901,873812.416566667
9902,463326.891810012
9903,460261.483238095
9904,66089.0346309524
9905,141226.588400505
9906,422792.311586147
9907,217445.9328
9908,1939487.64975152
9909,53697.2886288221
9910,241278.283285714
9911,172920.079968311
9912,54063.5579666666
9913,157303.095674603
9914,117344.97122381
9915,146604.939951282
9916,590933.6467
9917,168571.746828571
9918,301894.682933333
9919,274317.234052381
9920,126446.976733333
9921,778799.200685714
9922,175520.508266667
9923,327216.008455555
9924,41611.7354183927
9925,42829.4214
9926,224730.166633333
9927,199361.799822222
9928,540494.8633
9929,58637.7609666667
9930,178161.063033333
9931,480821.256307792
9932,407270.386266667
9933,1526142.3635
9934,461761.187866667
9935,153010.869222222
9936,388351.36779697
9937,269407.0338
9938,51936.3619575092
9939,291518.143392157
9940,353263.754980952
9941,250630.995433333
9942,119800.030909524
9943,484273.276912554
9944,113692.814133333
9945,359172.7759
9946,385714.210133333
9947,465448.288
9948,81459.7401587301
9949,732003.499957143
9950,424362.427233333
9951,82827.7430191919
9952,928432.793622223
9953,323769.900631746
9954,257972.827352381
9955,471100.065266667
9956,281432.382948718
9957,922974.128733333
9958,31901.4744655084
9959,292539.529733333
9960,303255.999564912
9961,196255.884347186
9962,475087.385969916
9963,638791.964138095
9964,199886.812166667
9965,149043.122893407
9966,350820.980466667
9967,792390.555633334
9968,254657.218785714
9969,662647.478828571
9970,297823.2679
9971,404750.536966667
9972,309320.844119048
9973,134260.81641203
9974,620895.4014
9975,281781.3696
9976,390410.911
9977,505333.869033333
9978,118915.662466667
9979,276898.332175
9980,169490.622403175
9981,137108.318103175
9982,1284417.4767
9983,34606.7457432235
9984,399068.926371428
9985,346117.113
9986,345212.601295815
9987,829607.5434
9988,159801.343731915
9989,193028.202157644
9990,411330.031957143
9991,59317.9230769231
9992,247603.663033333
9993,478936.948566667
9994,249130.246111111
9995,194801.4911
9996,1054145.2949
9997,51827.5042606061
9998,202888.324019048
9999,71374.9682744588
10000,202900.395857143
